Period,"Non Food Credit
 (?  Crore)","Investment In India
 (? Crore)","Aggregate Desposits 
(? Crore)","Bank Credit 
(? Crore)","Food Credit 
(? Crore)",Cash Deposit Ratio (%),Credit Deposit Ratio (%),"M3 
(? Crore)","Certificates of Deposit (Amount Outstanding) 
(? Crore)"
15-Jan-2026,"2,00,44,195.72","68,07,967.35","2,44,99,894.23","2,01,32,364.93","88,169.21",-,-,"2,95,02,905.14","5,74,586.15"
31-Dec-2025,"2,02,32,815.17","68,84,983.10","2,48,57,492.98","2,03,20,787.62","87,972.45",-,-,"2,97,98,543.95","5,68,136.12"
15-Dec-2025,"1,96,10,614.48","68,81,357.58","2,41,31,870.09","1,96,94,564.27","83,949.79",-,-,"2,90,58,340.08","5,54,967.84"
28-Nov-2025,"1,94,49,642.31","68,86,471.97","2,42,60,054.93","1,95,29,443.34","79,801.03",-,-,"2,91,36,713.20","5,70,508.16"
14-Nov-2025,"1,92,91,758.21","68,34,736.63","2,40,93,542.81","1,93,70,949.22","79,191.01",-,-,"2,89,45,871.48","5,34,617.43"
31-Oct-2025,"-1,40,742.62","68,89,909.95",-,-,"70,371.31",-,-,"2,89,97,506.24","5,14,877.08"
17-Oct-2025,"-52,489.66","68,85,074.23",-,-,"52,489.66",-,-,"2,87,14,437.86","5,02,668.21"
03-Oct-2025,"1,92,18,672.80","68,76,278.22","2,40,98,640.72","1,92,61,332.10","42,659.30",-,-,"2,88,95,269.38","4,97,940.28"
19-Sep-2025,"1,88,57,576.58","68,46,280.72","2,35,46,511.16","1,89,02,860.72","45,284.14",-,-,"2,83,50,280.90","5,01,817.39"
05-Sep-2025,"1,87,55,105.26","68,19,997.00","2,36,68,910.14","1,88,00,685.56","45,580.30",-,-,"2,84,76,012.98","4,95,293.61"
22-Aug-2025,"1,85,96,385.97","67,56,965.81","2,35,04,534.61","1,86,46,841.82","50,455.85",4.33,77.89,"2,83,08,501.71","4,94,942.79"
08-Aug-2025,"1,85,53,885.40","67,50,168.11","2,34,72,137.28","1,86,06,166.74","52,281.34",4.29,77.82,"2,82,88,711.82","5,11,313.00"
25-Jul-2025,"1,83,88,028.24","67,26,827.65","2,33,49,826.99","1,85,01,377.20","56,674.48",4.30,77.76,"2,81,39,873.48","5,08,451.73"
11-Jul-2025,"1,84,10,899.73","67,16,248.00","2,33,25,705.73","1,84,69,892.58","58,992.85",4.36,77.70,"2,81,41,256.05","5,25,253.75"
27-Jun-2025,"1,83,57,422.20","66,96,801.88","2,34,25,645.34","1,84,86,199.66","64,388.73",4.36,77.40,"2,82,30,455.67","5,17,439.00"
13-Jun-2025,"1,82,46,357.15","66,91,543.95","2,30,69,782.64","1,83,13,962.71","67,605.56",4.44,77.84,"2,78,96,574.00","4,83,064.43"
30-May-2025,"1,81,46,215.49","67,06,717.24","2,31,72,542.62","1,82,87,376.91","70,580.71",4.51,77.38,"2,79,89,937.22","5,13,762.66"
16-May-2025,"1,80,91,555.15","66,84,475.70","2,28,87,587.39","1,82,27,711.87","68,078.36",4.44,78.05,"2,77,06,383.97","5,11,818.07"
02-May-2025,"1,81,60,064.49","67,13,623.38","2,30,34,245.19","1,82,84,956.79","62,446.15",4.43,77.79,"2,78,24,650.52","5,12,999.59"
18-Apr-2025,"1,81,23,640.17","66,93,442.78","2,28,60,864.87","1,81,87,891.45","32,125.64",4.35,77.95,"2,76,30,684.74","5,18,759.57"
04-Apr-2025,"1,83,42,640.86","66,64,390.70","2,31,15,692.70","1,84,01,354.28","29,356.71",4.37,78.01,"2,78,43,775.93","5,22,896.64"
21-Mar-2025,"1,81,70,910.01","66,97,927.83","2,25,80,601.13","1,82,43,972.33","36,531.16",4.28,79.14,"2,72,73,801.25","5,32,971.66"
07-Mar-2025,"1,80,40,308.06","67,37,320.05","2,25,10,118.00","1,81,25,412.60","42,552.27",4.32,78.84,"2,71,67,848.14","5,11,207.89"
21-Feb-2025,"1,78,95,083.74","66,51,031.38","2,22,84,304.53","1,79,89,979.44","47,447.85",4.36,79.00,"2,69,13,341.11","5,13,816.40"
07-Feb-2025,"1,78,55,539.24","66,82,369.49","2,23,25,408.16","1,79,63,428.88","53,944.82",4.32,78.73,"2,69,35,188.09","5,19,276.82"
24-Jan-2025,"1,77,56,120.81","66,35,526.09","2,21,26,572.35","1,78,68,478.53","56,178.86",4.42,78.99,"2,66,92,998.72","4,99,396.94"
10-Jan-2025,"1,76,83,947.61","66,28,425.87","2,21,51,174.72","1,77,99,393.73","57,723.06",4.58,78.64,"2,67,11,510.04","4,93,930.59"
27-Dec-2024,"1,76,30,759.78","65,95,746.81","2,20,62,591.24","1,77,43,037.47","56,138.69",4.68,78.67,"2,65,79,463.97","4,94,416.56"
13-Dec-2024,"1,74,82,267.99","65,56,946.66","2,20,67,643.54","1,75,86,881.31","52,306.66",4.86,77.91,"2,65,90,006.74","4,88,257.46"
29-Nov-2024,"1,74,06,447.68","65,38,915.31","2,20,17,465.62","1,75,08,955.68","51,254.00",5.08,77.70,"2,65,17,390.58","4,91,658.72"
15-Nov-2024,"1,72,72,504.43","64,89,976.58","2,18,55,889.59","1,73,62,817.85","45,156.71",5.06,77.60,"2,63,62,434.74","4,89,838.50"
01-Nov-2024,"1,73,59,422.83","65,57,352.83","2,20,27,535.25","1,74,19,531.89","30,054.53",4.94,77.32,"2,65,32,760.90","4,65,475.31"
18-Oct-2024,"1,72,00,366.11","64,91,007.92","2,18,08,331.70","1,72,37,674.19","18,654.04",4.95,77.16,"2,62,89,281.97","4,84,133.94"
04-Oct-2024,"1,72,62,175.43","64,57,951.44","2,19,20,126.24","1,72,97,778.17","17,801.37",4.95,77.04,"2,63,68,672.67","4,68,063.51"
20-Sep-2024,"1,70,85,200.88","64,04,043.98","2,15,05,667.14","1,71,25,052.00","19,925.56",4.86,77.69,"2,59,54,323.79","4,74,683.60"
06-Sep-2024,"1,70,03,595.15","63,85,411.25","2,15,50,315.52","1,70,46,601.95","21,503.40",5.02,77.16,"2,60,10,846.23","4,63,005.01"
23-Aug-2024,"1,68,96,587.36","63,65,486.88","2,13,25,126.04","1,69,45,308.62","24,360.63",4.97,77.47,"2,57,83,047.55","4,46,580.44"
09-Aug-2024,"1,68,24,438.66","63,28,237.93","2,13,29,643.09","1,68,80,301.08","27,931.21",4.99,77.14,"2,58,09,602.88","4,35,778.32"
26-Jul-2024,"1,67,06,933.64","63,13,767.46","2,11,93,568.37","1,68,13,934.78","28,190.14",5.09,77.31,"2,56,73,512.63","4,24,747.21"
12-Jul-2024,"1,67,51,593.02","63,07,646.01","2,11,77,171.40","1,68,12,118.24","30,262.61",4.96,77.37,"2,57,01,087.42","4,24,835.55"
28-Jun-2024,"1,68,18,221.37","61,58,206.96","2,12,85,397.39","1,68,86,028.59","33,903.61",5.09,77.29,"2,57,91,104.40","4,09,554.44"
14-Jun-2024,"1,66,32,571.50","62,31,385.82","2,09,02,918.17","1,67,06,417.54","36,923.02",5.14,77.85,"2,54,44,042.12","3,52,302.19"
31-May-2024,"1,67,02,363.86","61,83,502.03","2,10,87,206.37","1,67,82,881.64","40,258.89",4.96,77.51,"2,56,10,093.35","3,69,203.22"
17-May-2024,"1,65,18,467.35","61,99,638.21","2,08,14,780.08","1,66,01,013.84","41,273.00",4.99,77.65,"2,53,53,391.36","3,67,450.64"
03-May-2024,"1,65,56,160.64","62,20,688.65","2,09,38,380.97","1,66,31,720.36","37,780.00",5.05,77.34,"2,54,63,662.17","3,80,093.01"
19-Apr-2024,"1,64,55,616.14","61,48,210.36","2,07,53,393.98","1,64,91,796.34","18,090.10",5.06,77.36,"2,52,59,957.58","3,72,841.80"
05-Apr-2024,"1,65,42,753.46","61,55,942.87","2,10,01,108.20","1,65,85,169.70","21,208.00",4.89,76.92,"2,54,87,257.19","3,61,574.13"
22-Mar-2024,"1,63,86,002.31","61,06,558.02","2,04,75,226.39","1,64,32,163.93","23,080.81",5.01,78.07,"2,49,38,758.85","3,75,812.94"
08-Mar-2024,"1,62,50,152.40","61,04,703.78","2,04,20,081.85","1,63,13,558.87","31,703.00",4.92,77.71,"2,48,47,705.49","3,79,574.59"
23-Feb-2024,"1,61,33,131.43","60,48,666.00","2,02,04,829.50","1,62,14,134.77","40,501.67",4.94,78.03,"2,46,06,900.45","3,81,444.86"
09-Feb-2024,"1,60,54,592.52","60,54,646.44","2,01,95,381.87","1,61,47,476.63","46,442.00",4.94,77.68,"2,45,85,981.74","3,69,142.87"
26-Jan-2024,"1,59,52,354.34","59,74,168.00","2,00,59,152.02","1,60,43,591.80","45,618.73",5.10,77.67,"2,44,17,811.18","3,55,281.29"
12-Jan-2024,"1,58,81,988.29","60,06,292.64","1,99,84,835.10","1,59,69,925.82","43,969.00",5.07,77.54,"2,43,29,720.79","3,51,131.83"
29-Dec-2023,"1,59,18,805.36","59,90,503.00","2,00,88,041.39","1,59,61,943.97","43,138.61",5.18,77.08,"2,43,77,277.38","3,44,752.77"
15-Dec-2023,"1,56,94,481.73","59,60,517.46","1,97,91,556.52","1,57,79,480.10","42,499.00",5.19,77.31,"2,40,92,311.15","3,41,805.23"
01-Dec-2023,"1,57,42,070.07","60,30,923.64","1,98,86,495.71","1,58,25,455.71","41,693.00",5.19,77.16,"2,41,65,366.02","3,15,780.27"
17-Nov-2023,"1,55,40,285.82","60,69,867.70","1,96,51,859.88","1,56,20,807.10","40,260.64",5.12,77.04,"2,39,34,978.33","3,14,547.67"
03-Nov-2023,"1,55,38,918.66","61,12,884.90","1,97,12,089.45","1,55,84,525.60","22,803.47",5.26,76.61,"2,39,47,372.91","3,15,823.00"
20-Oct-2023,"1,54,18,204.73","60,53,429.00","1,95,15,810.17","1,54,57,886.81","19,841.04",5.20,76.73,"2,37,39,933.21","3,13,142.07"
06-Oct-2023,"1,52,99,433.86","60,61,808.95","1,96,07,572.80","1,53,37,992.28","19,279.00",5.42,75.76,"2,38,25,453.00","2,90,340.93"
22-Sep-2023,"1,51,13,584.09","59,81,357.00","1,92,80,665.29","1,51,51,314.19","18,865.05",5.50,76.07,"2,35,04,297.57","2,91,829.65"
08-Sep-2023,"1,50,01,026.66","59,82,861.02","1,93,88,696.45","1,50,39,168.66","19,071.00",5.67,75.06,"2,36,26,786.52","2,97,684.67"
25-Aug-2023,"1,48,97,956.18","59,01,588.55","1,92,40,961.04","1,49,17,311.57","19,355.39",5.78,74.97,"2,34,72,704.70","3,01,277.83"
11-Aug-2023,"1,48,20,931.87","59,13,740.99","1,92,37,925.20","1,48,60,791.96","19,930.00",5.34,74.69,"2,34,78,623.96","3,04,165.32"
28-Jul-2023,"1,47,45,450.62","58,39,359.86","1,91,67,763.28","1,47,87,123.40","20,836.39",5.24,74.55,"2,34,09,954.65","3,07,002.89"
14-Jul-2023,"1,47,22,025.49","58,17,754.67","1,90,30,776.86","1,47,46,329.06","24,303.57",5.14,74.87,"2,32,97,681.26","2,97,670.83"
30-Jun-2023,"1,43,55,811.96","56,70,620.50","1,91,56,018.40","1,43,83,718.16","27,906.20",5.14,75.09,"2,34,24,748.01","2,87,157.00"
16-Jun-2023,"1,39,94,766.07","56,44,283.71","1,85,67,956.33","1,40,23,498.83","28,732.76",5.16,75.53,"2,28,58,413.00","2,87,339.03"
02-Jun-2023,"1,39,72,941.67","56,07,752.36","1,87,03,434.60","1,40,09,695.00","36,753.33",5.20,74.90,"2,30,08,649.70","3,12,416.22"
19-May-2023,"1,38,21,271.33","55,51,327.68","1,83,76,356.29","1,38,93,970.45","36,349.56",5.16,75.61,"2,27,66,809.97","3,02,117.26"
05-May-2023,"1,38,67,503.53","55,19,458.12","1,84,34,881.15","1,39,00,688.40","33,184.87",5.07,75.40,"2,28,23,219.22","2,88,834.64"
21-Apr-2023,"1,38,38,154.70","54,45,485.50","1,83,11,808.93","1,38,59,446.83","21,292.13",5.11,75.69,"2,26,83,199.37","3,00,404.89"
07-Apr-2023,"1,38,29,593.11","55,23,795.97","1,84,47,943.84","1,38,50,556.45","20,963.34",4.93,75.08,"2,27,77,267.50","3,01,402.80"
31-Mar-2023,-,-,-,-,-,-,-,"2,23,43,760.32",-
24-Mar-2023,"1,36,35,424.05","54,15,148.06","1,80,43,913.69","1,36,75,235.33","19,905.64",4.99,75.79,"2,23,33,226.85","3,04,521.02"
10-Mar-2023,"1,34,92,036.20","53,86,503.79","1,79,58,323.65","1,35,48,592.80","28,278.30",5.09,75.44,"2,22,23,721.35","2,90,353.28"
24-Feb-2023,"1,33,79,715.85","53,37,558.09","1,78,61,853.77","1,34,50,268.71","35,276.43",5.01,75.30,"2,20,93,331.39","2,80,336.78"
10-Feb-2023,"1,33,73,764.05","52,67,960.73","1,77,73,525.44","1,34,18,060.34","44,296.29",5.13,75.49,"2,19,88,001.46","2,69,679.45"
27-Jan-2023,"1,32,87,370.82","51,94,620.63","1,77,19,428.23","1,33,37,536.22","50,165.40",5.21,75.27,"2,18,95,034.21","2,79,788.46"
13-Jan-2023,"1,32,24,104.95","52,00,462.32","1,76,74,774.76","1,32,76,759.04","52,654.09",5.13,75.12,"2,18,43,078.71","2,92,289.01"
30-Dec-2022,"1,32,52,880.63","50,96,043.85","1,77,33,783.81","1,33,06,853.05","53,972.42",5.30,75.04,"2,18,59,234.62","2,93,983.09"
16-Dec-2022,"1,30,99,868.36","51,27,606.60","1,73,54,379.08","1,31,54,442.33","54,573.97",5.26,75.80,"2,14,84,518.59","2,72,570.90"
02-Dec-2022,"1,30,54,624.86","51,21,212.50","1,75,24,165.04","1,31,06,244.00","51,619.14",5.30,74.79,"2,16,16,590.15","2,74,602.72"
18-Nov-2022,"1,28,95,573.47","50,86,612.04","1,72,97,353.86","1,29,47,813.30","52,239.83",5.36,74.85,"2,13,99,921.34","2,57,555.16"
04-Nov-2022,"1,28,87,853.53","50,81,677.61","1,73,66,323.93","1,29,26,232.68","38,379.15",5.29,74.43,"2,14,58,444.09","2,48,613.49"
21-Oct-2022,"1,28,57,749.31","50,51,759.40","1,72,04,103.51","1,28,83,403.91","25,654.60",5.29,74.89,"2,13,01,949.29","2,40,840.76"
07-Oct-2022,"1,28,38,172.55","51,04,372.18","1,72,63,657.49","1,28,58,805.79","20,633.24",5.19,74.48,"2,13,36,064.55","2,26,345.91"
23-Sep-2022,"1,26,08,086.61","50,75,621.98","1,70,31,994.62","1,26,29,874.79","21,788.18",5.15,74.15,"2,10,72,896.11","2,52,148.25"
09-Sep-2022,"1,25,22,693.69","51,02,159.61","1,70,56,327.15","1,25,51,285.84","28,592.15",5.21,73.59,"2,11,28,496.35","2,43,599.65"
26-Aug-2022,"1,24,30,896.91","50,67,258.76","1,69,93,855.38","1,24,58,657.89","27,760.98",5.14,73.31,"2,10,51,422.69","2,37,146.80"
12-Aug-2022,"1,23,93,621.27","50,72,480.42","1,69,48,677.75","1,24,25,718.31","32,097.04",5.42,73.31,"2,10,35,847.42","2,42,172.94"
29-Jul-2022,"1,23,37,005.50","50,14,296.84","1,69,72,313.23","1,23,69,350.00","32,344.50",5.56,72.88,"2,10,32,347.94","2,49,062.16"
15-Jul-2022,"1,22,45,056.49","49,90,455.76","1,68,10,000.97","1,22,80,984.80","35,928.31",5.32,73.06,"2,09,10,896.02","2,35,248.52"
01-Jul-2022,"1,23,45,375.05","49,59,800.94","1,69,61,170.93","1,23,82,791.62","37,416.57",5.32,73.01,"2,10,40,576.47","2,23,791.41"
17-Jun-2022,"1,21,06,794.54","48,81,576.25","1,65,69,316.98","1,21,50,353.40","43,558.86",5.49,73.33,"2,06,63,816.95","1,94,418.87"
03-Jun-2022,"1,20,94,492.70","48,44,619.07","1,67,33,638.03","1,21,43,120.67","48,627.97",5.46,72.57,"2,08,19,898.92","1,89,977.09"
20-May-2022,"1,19,84,865.46","47,70,815.18","1,65,74,274.11","1,20,38,119.24","53,253.78",5.47,72.63,"2,06,82,307.05","1,93,034.11"
06-May-2022,"1,19,85,232.14","48,31,924.38","1,66,95,861.32","1,20,40,719.29","55,487.15",4.82,72.12,"2,08,11,466.18","1,85,308.10"
22-Apr-2022,"1,19,13,784.07","47,71,756.44","1,66,23,476.20","1,19,56,336.16","42,552.09",4.74,71.92,"2,07,12,047.95","2,01,427.56"
08-Apr-2022,"1,19,26,038.42","47,56,626.62","1,67,41,265.07","1,19,65,873.01","39,834.59",5.20,71.48,"2,07,06,215.31","2,02,431.31"
25-Mar-2022,"1,18,36,303.73","47,28,947.60","1,64,65,313.04","1,18,91,314.27","55,010.54",4.67,72.22,"2,04,89,597.31","1,81,171.43"
11-Mar-2022,"1,16,51,433.72","47,51,200.81","1,62,76,685.43","1,17,12,341.36","60,907.64",4.63,71.96,"2,02,78,974.95","1,54,363.89"
25-Feb-2022,"1,15,75,492.66","46,70,231.45","1,62,17,528.51","1,16,43,716.86","68,224.20",4.64,71.80,"2,01,83,528.16","1,27,618.40"
11-Feb-2022,"1,14,83,782.03","46,70,911.16","1,61,28,133.47","1,15,61,762.37","77,980.34",4.54,71.69,"2,00,86,004.43","1,12,564.73"
28-Jan-2022,"1,13,86,586.98","45,80,676.64","1,60,32,526.21","1,14,68,976.86","82,389.88",4.80,71.54,"1,99,47,684.11","99,706.14"
14-Jan-2022,"1,13,13,396.45","46,25,783.98","1,59,82,978.93","1,13,99,077.37","85,680.92",4.82,71.32,"1,99,07,347.20","1,01,151.87"
31-Dec-2021,"1,14,93,407.31","46,08,234.52","1,62,41,853.82","1,15,82,087.15","88,679.84",4.99,71.31,"2,01,14,036.34","84,702.40"
17-Dec-2021,"1,11,16,566.08","46,00,693.16","1,58,67,433.06","1,12,02,146.18","85,580.10",4.95,70.60,"1,97,41,402.94","73,298.30"
03-Dec-2021,"1,10,72,545.08","46,77,023.22","1,59,52,166.78","1,11,58,982.34","86,437.26",4.89,69.95,"1,98,17,261.71","63,365.56"
19-Nov-2021,"1,10,79,778.16","45,84,495.15","1,57,79,115.68","1,11,62,193.48","82,415.32",4.96,70.74,"1,96,45,634.26","55,596.33"
05-Nov-2021,"1,10,84,223.12","46,86,515.15","1,60,46,752.35","1,11,61,089.41","76,866.29",4.79,69.55,"1,99,13,687.24",-
22-Oct-2021,"1,09,80,921.67","46,38,657.94","1,57,13,020.87","1,10,44,619.14","63,697.47",4.75,70.29,"1,95,23,114.19","57,366.48"
08-Oct-2021,"1,09,52,558.69","46,91,728.51","1,57,55,866.28","1,10,14,966.83","62,408.14",4.68,69.91,"1,95,67,861.07","59,201.66"
24-Sep-2021,"1,08,94,475.05","46,63,318.54","1,55,98,947.56","1,09,56,816.88","62,341.83",4.73,70.24,"1,93,96,288.76","60,220.40"
10-Sep-2021,"1,08,42,966.84","47,09,738.55","1,55,74,687.76","1,09,12,705.14","69,738.30",4.67,70.07,"1,94,02,807.00","67,144.54"
27-Aug-2021,"1,08,28,800.45","45,93,279.36","1,55,17,050.29","1,08,97,601.02","68,800.57",4.79,70.23,"1,93,30,427.08","64,222.13"
13-Aug-2021,"1,08,16,822.03","46,13,607.11","1,55,72,299.58","1,08,88,834.23","72,012.20",4.93,69.92,"1,94,07,302.62","63,488.94"
30-Jul-2021,"1,08,33,089.13","46,44,187.72","1,55,49,095.59","1,09,10,566.78","77,477.65",4.96,70.17,"1,93,72,775.65","64,304.10"
16-Jul-2021,"1,07,92,826.44","46,58,041.53","1,55,14,307.44","1,08,78,497.05","85,670.61",4.84,70.12,"1,93,76,389.21","64,586.90"
02-Jul-2021,"1,08,45,376.82","46,67,554.03","1,54,51,308.86","1,09,28,554.47","83,177.65",4.82,70.73,"1,93,13,332.73","69,299.52"
18-Jun-2021,"1,07,54,939.83","45,81,982.41","1,52,98,539.57","1,08,41,852.00","86,912.17",4.96,70.87,"1,91,69,565.09","68,209.42"
04-Jun-2021,"1,07,53,945.07","46,28,272.90","1,53,13,152.06","1,08,43,921.14","89,976.07",4.92,70.81,"1,91,74,409.58","78,308.17"
21-May-2021,"1,07,40,558.57","45,35,489.46","1,51,67,184.27","1,08,31,221.48","90,662.91",4.58,71.41,"1,90,12,125.69","90,349.28"
07-May-2021,"1,07,84,911.98","45,71,715.00","1,52,16,968.09","1,08,70,006.15","85,094.17",4.26,71.43,"1,90,40,068.35","87,177.58"
23-Apr-2021,"1,08,02,150.49","44,78,812.64","1,51,34,306.69","1,08,60,485.38","58,334.89",4.27,71.76,"1,89,19,037.12","85,792.41"
09-Apr-2021,"1,08,38,766.87","45,49,310.11","1,52,11,463.22","1,08,88,466.09","49,699.22",4.09,71.58,"1,89,80,415.30","88,675.73"
26-Mar-2021,"1,08,88,254.62","44,62,525.66","1,51,13,512.42","1,09,49,509.00","61,254.38",4.19,72.45,"1,88,49,450.98","80,621.98"
12-Mar-2021,"1,07,26,625.98","45,15,011.06","1,49,55,804.66","1,07,95,818.38","69,192.40",3.70,72.18,"1,86,13,815.25","58,304.34"
26-Feb-2021,"1,06,99,536.48","44,61,323.22","1,49,33,580.19","1,07,74,742.46","75,205.98",3.71,72.15,"1,85,63,764.12","54,917.99"
12-Feb-2021,"1,06,28,254.03","44,69,577.52","1,47,81,345.83","1,07,03,541.34","75,287.31",3.72,72.41,"1,84,20,102.02","56,464.51"
29-Jan-2021,"1,06,16,642.17","44,34,632.07","1,48,02,765.18","1,07,03,751.83","87,109.66",3.82,72.31,"1,84,06,665.73","62,026.32"
15-Jan-2021,"1,05,55,943.10","44,22,031.73","1,46,25,389.84","1,06,42,893.28","86,950.18",3.88,72.77,"1,82,39,730.63","65,249.16"
01-Jan-2021,"1,06,10,051.77","44,80,825.96","1,47,26,748.56","1,07,02,596.47","92,544.70",3.80,72.67,"1,83,00,409.80","71,871.98"
18-Dec-2020,"1,04,53,884.38","44,13,604.85","1,44,78,960.64","1,05,47,036.78","93,152.40",3.96,72.84,"1,80,55,371.99","67,960.05"
04-Dec-2020,"1,04,01,774.45","44,89,008.52","1,45,83,087.22","1,04,97,687.18","95,912.73",3.86,71.99,"1,81,53,285.99","66,533.31"
20-Nov-2020,"1,03,45,924.05","44,25,325.04","1,43,70,434.56","1,04,34,880.34","88,956.29",3.88,72.61,"1,79,37,938.88","64,068.52"
06-Nov-2020,"1,03,35,639.51","44,76,662.44","1,44,03,311.87","1,04,19,270.55","83,631.04",3.72,72.34,"1,79,34,854.22","72,326.21"
23-Oct-2020,"1,02,72,208.87","44,40,233.67","1,42,91,512.09","1,03,38,867.88","66,659.01",3.65,72.34,"1,78,03,739.24","74,214.40"
09-Oct-2020,"1,02,80,101.70","44,61,110.04","1,43,01,947.24","1,03,43,494.78","63,393.08",3.65,72.32,"1,78,06,236.28","70,775.51"
25-Sep-2020,"1,02,05,154.16","44,39,092.01","1,42,62,403.47","1,02,71,581.01","66,426.85",3.63,72.02,"1,77,39,764.53","71,904.21"
11-Sep-2020,"1,01,63,075.61","44,01,545.16","1,42,47,285.36","1,02,26,930.10","63,854.49",3.65,71.78,"1,77,38,364.70","83,242.66"
28-Aug-2020,"1,01,50,216.57","43,61,222.04","1,41,76,793.04","1,02,16,158.04","65,941.47",3.72,72.06,"1,76,47,971.85","85,855.20"
14-Aug-2020,"1,01,46,419.63","43,15,166.27","1,40,80,509.96","1,02,19,501.78","73,082.15",3.72,72.58,"1,75,61,514.45","94,813.00"
31-Jul-2020,"1,02,02,769.39","42,93,409.02","1,41,61,269.30","1,02,82,056.89","79,287.50",3.68,72.61,"1,76,25,803.04","1,04,705.00"
17-Jul-2020,"1,01,32,756.13","41,87,318.80","1,40,20,615.64","1,02,19,111.57","86,355.44",3.71,72.89,"1,74,90,781.18","1,12,455.00"
03-Jul-2020,"1,02,18,316.13","42,18,380.56","1,40,77,081.17","1,03,04,202.57","85,886.44",3.73,73.20,"1,75,38,911.46","1,12,425.00"
19-Jun-2020,"1,01,56,388.48","41,42,391.60","1,38,67,127.49","1,02,45,677.47","89,288.99",3.89,73.88,"1,73,15,245.77","1,21,465.00"
05-Jun-2020,"1,01,68,886.59","41,52,696.71","1,39,55,522.63","1,02,54,569.51","85,682.92",3.80,73.48,"1,73,94,404.78","1,40,165.00"
22-May-2020,"1,01,43,336.94","40,54,370.95","1,38,29,914.62","1,02,22,753.18","79,416.24",3.77,73.92,"1,72,30,908.27","1,60,455.00"
08-May-2020,"1,01,82,598.30","40,28,214.45","1,38,50,368.40","1,02,51,832.99","69,234.69",3.68,74.02,"1,72,09,846.77","1,71,180.00"
24-Apr-2020,"1,02,20,772.37","39,69,645.90","1,37,23,182.02","1,02,73,415.79","52,643.42",3.73,74.86,"1,70,34,132.77","1,80,891.00"
10-Apr-2020,"1,02,83,830.62","39,59,153.62","1,37,14,590.46","1,03,37,903.85","54,073.23",3.56,75.38,"1,69,89,548.92","1,80,116.00"
27-Mar-2020,"1,03,19,096.71","37,47,349.13","1,35,67,492.12","1,03,70,860.68","51,763.97",4.37,76.44,"1,67,91,629.49","1,72,996.00"
13-Mar-2020,"1,00,80,079.76","37,95,013.30","1,33,39,149.43","1,01,40,472.61","60,392.85",4.73,76.02,"1,65,28,590.16","1,73,941.00"
28-Feb-2020,"1,00,39,269.95","37,78,287.08","1,33,26,268.22","1,01,04,866.32","65,596.37",4.75,75.83,"1,64,59,026.86","1,85,932.00"
14-Feb-2020,"99,69,258.83","37,89,556.58","1,32,26,294.97","1,00,42,582.91","73,324.08",4.80,75.93,"1,63,60,363.82","1,86,042.00"
31-Jan-2020,"1,00,26,276.39","37,35,514.03","1,33,24,001.21","1,01,05,176.36","78,899.97",4.75,75.84,"1,64,18,624.50","1,81,309.00"
17-Jan-2020,"99,21,541.19","37,13,694.66","1,31,26,595.09","1,00,03,642.44","82,101.25",4.77,76.21,"1,62,17,603.65","1,81,344.00"
03-Jan-2020,"99,52,589.61","37,79,746.17","1,32,10,364.78","1,00,36,091.78","83,502.17",4.71,75.97,"1,62,66,158.40","1,78,432.00"
20-Dec-2019,"98,62,300.88","37,24,227.53","1,30,08,880.67","99,47,443.92","85,143.04",4.95,76.47,"1,60,62,978.03","1,60,669.00"
06-Dec-2019,"98,10,019.53","37,60,878.44","1,31,06,051.92","99,34,683.53","1,24,664.00",4.73,75.80,"1,61,64,771.81","1,63,198.00"
22-Nov-2019,"97,68,998.56","37,19,568.46","1,29,58,473.31","98,60,302.65","91,304.09",4.65,76.09,"1,59,45,748.53","1,62,443.00"
08-Nov-2019,"97,66,326.70","37,57,950.45","1,29,97,978.55","98,46,374.88","80,048.18",4.70,75.75,"1,59,89,603.80","1,71,696.00"
25-Oct-2019,"97,70,783.70","36,83,492.84","1,29,78,084.31","98,40,562.31","69,778.61",4.88,75.82,"1,59,55,361.99","1,71,396.00"
11-Oct-2019,"97,29,090.45","37,05,292.44","1,29,37,922.27","97,89,380.58","60,290.13",4.74,75.66,"1,58,86,564.81","1,81,011.00"
27-Sep-2019,"97,08,768.79","36,92,753.45","1,29,06,460.81","97,68,853.86","60,085.07",4.80,75.67,"1,58,14,167.46","1,88,101.00"
13-Sep-2019,"96,48,921.40","36,05,280.79","1,27,22,856.91","97,13,657.70","64,736.30",4.75,76.33,"1,56,48,405.57","1,68,671.00"
30-Aug-2019,"96,17,761.44","35,81,075.00","1,27,80,197.46","96,80,153.44","62,392.00",4.87,75.74,"1,56,77,090.40","1,79,455.00"
16-Aug-2019,"96,19,341.42","35,60,151.84","1,26,80,040.78","96,84,561.88","65,220.46",4.84,76.36,"1,55,99,166.56","1,78,635.00"
02-Aug-2019,"96,66,254.21","35,57,062.98","1,27,44,582.66","97,29,001.58","62,747.37",4.67,76.34,"1,56,41,418.32","1,98,141.00"
19-Jul-2019,"95,92,376.15","34,92,736.68","1,26,50,590.82","96,58,377.68","66,001.53",4.84,76.35,"1,55,67,781.42","2,24,039.00"
05-Jul-2019,"96,26,664.83","35,45,635.59","1,26,75,270.36","96,97,433.61","70,768.78",4.64,76.51,"1,56,02,933.78","2,31,054.00"
21-Jun-2019,"95,77,348.78","34,66,645.88","1,24,92,466.50","96,48,768.26","71,419.48",4.66,77.25,"1,54,16,104.00","2,15,944.00"
07-Jun-2019,"95,74,298.98","34,93,154.69","1,25,40,259.60","96,51,902.79","77,603.81",4.68,76.97,"1,54,78,177.07","2,18,665.83"
24-May-2019,"95,55,822.40","35,21,900.05","1,24,99,557.47","96,21,544.99","65,722.59",4.61,76.98,"1,54,21,077.40","2,27,147.00"
10-May-2019,"95,63,056.92","35,11,055.65","1,25,17,393.23","96,24,756.56","61,699.64",4.65,76.90,"1,54,39,815.57","2,49,482.52"
26-Apr-2019,"95,77,783.76","34,55,510.72","1,24,83,869.25","96,20,945.49","43,161.73",4.82,77.07,"1,53,78,604.24","2,25,478.45"
12-Apr-2019,"96,08,855.70","34,41,239.81","1,25,30,163.38","96,44,786.33","35,930.63",4.66,76.97,"1,54,20,575.77","2,61,725.78"
29-Mar-2019,"97,30,112.11","33,81,056.15","1,25,73,771.75","97,71,722.44","41,610.33",5.09,77.70,"1,54,43,593.95","2,72,260.35"
15-Mar-2019,"95,03,567.49","33,94,143.56","1,22,27,454.59","95,56,241.77","52,674.28",5.14,78.14,"1,50,87,087.79","2,20,455.46"
01-Mar-2019,"94,64,807.66","34,09,141.44","1,22,30,651.55","95,20,452.38","55,644.72",4.62,77.84,"1,50,54,022.57","2,08,866.80"
15-Feb-2019,"93,78,625.76","33,54,855.17","1,21,19,465.99","94,40,365.93","61,740.17",4.61,77.89,"1,49,39,818.31","2,00,250.80"
01-Feb-2019,"93,61,798.58","33,58,124.92","1,21,22,699.78","94,29,528.15","67,729.57",4.67,77.78,"1,48,94,534.36","1,77,275.49"
18-Jan-2019,"92,61,605.65","33,63,431.04","1,19,85,973.94","93,32,554.55","70,948.90",4.76,77.86,"1,47,58,783.18","1,90,078.58"
04-Jan-2019,"92,65,105.63","33,86,117.42","1,20,33,760.03","93,37,446.66","72,341.03",4.57,77.59,"1,47,71,348.36","1,82,138.00"
21-Dec-2018,"92,10,293.82","33,47,910.93","1,18,16,272.71","92,87,635.58","77,341.76",4.67,78.60,"1,45,49,694.77","1,80,664.01"
07-Dec-2018,"91,26,806.92","34,51,858.96","1,18,84,631.52","92,06,252.83","79,445.91",4.60,77.46,"1,45,98,653.55","1,55,669.95"
23-Nov-2018,"90,60,338.45","34,26,161.06","1,18,13,574.23","91,32,626.50","72,288.05",4.68,77.31,"1,45,18,774.78","1,48,505.55"
09-Nov-2018,"90,50,879.24","34,43,124.74","1,18,25,768.02","91,11,427.06","60,547.82",4.68,77.05,"1,45,44,754.90","1,31,196.70"
26-Oct-2018,"89,78,940.47","34,35,856.57","1,17,71,254.79","90,33,975.22","55,034.75",4.68,76.75,"1,44,26,379.77","1,54,067.75"
12-Oct-2018,"89,47,578.84","34,94,919.30","1,17,86,165.74","89,93,105.59","45,526.75",4.62,76.30,"1,44,41,474.93","1,58,917.05"
28-Sep-2018,"89,34,000.30","34,47,986.62","1,17,99,855.33","89,81,664.04","47,663.74",4.90,76.12,"1,44,22,907.92","1,51,012.84"
14-Sep-2018,"87,48,622.63","34,88,564.21","1,15,63,680.95","87,98,111.90","49,489.27",4.77,76.08,"1,42,15,170.88","1,57,277.27"
31-Aug-2018,"87,31,898.64","35,04,696.40","1,16,46,515.79","87,80,752.81","48,854.17",4.69,75.39,"1,42,71,407.93","1,63,975.02"
17-Aug-2018,"86,19,005.28","35,09,159.92","1,15,11,168.42","86,73,163.18","54,157.90",4.60,75.35,"1,41,55,066.83","1,58,662.55"
03-Aug-2018,"86,23,615.31","34,98,702.39","1,15,77,090.45","86,72,843.54","49,228.23",4.69,74.93,"1,42,01,116.89","1,66,650.53"
20-Jul-2018,"85,59,091.22","34,67,345.52","1,14,37,138.74","86,09,733.69","50,642.47",4.82,75.28,"1,40,72,865.64","1,63,850.66"
06-Jul-2018,"85,97,475.76","34,71,826.71","1,14,88,307.12","86,56,612.54","59,136.78",4.76,75.35,"1,41,28,810.22","1,68,842.34"
22-Jun-2018,"85,51,880.35","33,96,564.36","1,13,52,982.52","86,14,418.54","62,538.19",4.90,75.88,"1,40,03,226.66","1,74,499.10"
08-Jun-2018,"85,28,171.70","34,45,736.27","1,14,08,348.88","85,93,845.47","65,673.77",4.55,75.33,"1,40,56,195.37","1,86,152.61"
25-May-2018,"84,84,744.87","33,73,884.09","1,13,52,822.42","85,37,655.39","52,910.52",4.74,75.36,"1,39,84,477.99","2,05,222.36"
11-May-2018,"84,62,619.82","33,90,162.99","1,13,42,752.15","85,20,644.62","58,024.80",4.58,75.03,"1,39,74,411.29","2,04,056.54"
27-Apr-2018,"84,65,589.58","33,60,808.13","1,13,81,421.70","85,17,625.05","52,035.47",4.89,74.66,"1,39,81,646.82","2,06,807.00"
13-Apr-2018,"84,14,049.19","33,82,307.14","1,13,29,115.47","84,46,023.21","31,974.02",4.47,74.49,"1,39,14,187.25","2,03,557.47"
30-Mar-2018,"85,83,435.54","33,18,453.76","1,14,26,049.41","86,25,424.85","41,989.31",5.11,75.39,"1,39,66,007.50","1,85,732.44"
16-Mar-2018,"83,04,580.53","33,34,888.89","1,11,11,627.57","83,46,747.29","42,166.76",4.63,75.02,"1,36,35,043.95","1,88,776.25"
02-Mar-2018,"82,73,397.01","34,09,075.31","1,11,37,045.55","83,19,032.45","45,635.44",4.69,74.61,"1,36,27,756.58","1,94,581.03"
16-Feb-2018,"81,75,655.67","34,02,805.44","1,10,02,274.34","82,23,208.03","47,552.36",4.63,74.65,"1,34,78,992.16","1,77,981.82"
02-Feb-2018,"81,81,094.00","34,10,219.70","1,10,57,589.73","82,33,473.08","52,379.08",4.54,74.37,"1,34,96,388.70","1,71,178.44"
19-Jan-2018,"80,83,399.81","33,63,585.77","1,09,27,442.21","81,42,006.20","58,606.39",4.70,74.42,"1,33,63,233.63","1,68,976.59"
05-Jan-2018,"80,95,277.71","33,88,124.58","1,09,48,922.02","81,52,767.48","57,489.77",4.65,74.64,"1,33,54,527.19","1,52,553.00"
22-Dec-2017,"80,01,821.04","33,33,513.21","1,08,20,874.39","80,68,266.95","66,445.91",4.77,74.38,"1,32,08,681.45","1,26,981.00"
08-Dec-2017,"79,29,414.54","33,57,543.54","1,08,37,667.60","79,98,188.28","68,773.74",4.61,73.63,"1,32,14,984.47","1,19,659.30"
24-Nov-2017,"78,60,339.22","33,48,844.29","1,07,94,825.65","79,34,714.61","74,375.39",4.66,73.41,"1,31,47,309.31","1,21,891.00"
10-Nov-2017,"78,62,846.20","33,78,759.24","1,08,35,725.94","79,31,080.97","68,234.77",4.67,73.10,"1,31,83,233.73","1,21,648.94"
27-Oct-2017,"78,22,419.86","33,30,252.17","1,07,97,552.23","78,84,644.91","62,225.05",4.75,72.92,"1,31,15,316.32","1,28,621.74"
13-Oct-2017,"78,15,444.33","33,51,691.90","1,08,25,793.60","78,64,021.59","48,577.26",4.69,72.54,"1,31,27,718.20","1,16,803.23"
