Period,Forward Premia of US$ 1-month (%),Forward Premia of US$ 3-month (%),Forward Premia of US$ 6-month (%),Reverse Repo Rate (%),Marginal Standing Facility (MSF) Rate (%),Bank Rate (%),Base Rate (%),91-Day Treasury Bill (Primary) Yield (%),182-Day Treasury Bill (Primary) Yield (%),364-Day Treasury Bill (Primary) Yield (%),10-Year G-Sec Yield (FBIL) (%),Cash Reserve Ratio (%),Statutory Liquidity Ratio (%),Policy Repo Rate (%),Standing Deposit Facility (SDF) Rate (%),"Foreign Exchange Reserves 
(US $ Million)"
23-Jan-2026,2.65,3.09,2.75,3.35,5.50,5.50,8.35,5.49,5.66,5.72,6.74,3.00,18.00,5.25,5.00,"7,09,413.07"
16-Jan-2026,3.10,3.51,3.06,3.35,5.50,5.50,8.35,5.34,5.60,5.63,6.75,3.00,18.00,5.25,5.00,"7,01,360.03"
09-Jan-2026,3.09,3.38,2.95,3.35,5.50,5.50,8.35,5.31,5.54,5.58,6.71,3.00,18.00,5.25,5.00,"6,87,192.57"
02-Jan-2026,2.57,2.90,2.55,3.35,5.50,5.50,8.35,-,-,-,6.69,3.00,18.00,5.25,5.00,"6,86,800.98"
26-Dec-2025,5.24,3.52,3.08,3.35,5.50,5.50,8.35,5.26,5.48,5.54,6.65,3.00,18.00,5.25,5.00,"6,96,610.43"
19-Dec-2025,5.05,3.63,3.21,3.35,5.50,5.50,8.35,5.28,5.50,5.50,6.67,3.00,18.00,5.25,5.00,"6,93,317.71"
12-Dec-2025,3.55,2.93,2.84,3.35,5.50,5.50,8.35,5.27,5.48,5.49,6.66,3.00,18.00,5.25,5.00,"6,88,949.39"
05-Dec-2025,2.92,2.65,2.56,3.35,5.50,5.50,8.35,5.35,5.53,5.55,6.55,3.00,18.00,5.25,5.00,"6,87,260.37"
28-Nov-2025,2.15,2.06,2.21,3.35,5.75,5.75,8.35,5.36,5.52,5.53,6.55,3.25,18.00,5.50,5.25,"6,86,227.12"
21-Nov-2025,1.86,1.94,2.11,3.35,5.75,5.75,8.35,5.38,5.56,5.56,6.56,3.25,18.00,5.50,5.25,"6,88,104.27"
14-Nov-2025,1.81,1.94,2.10,3.35,5.75,5.75,8.35,5.43,5.57,5.57,6.53,3.25,18.00,5.50,5.25,"6,92,576.46"
07-Nov-2025,1.97,2.01,2.12,3.35,5.75,5.75,8.35,5.45,5.59,5.59,6.51,3.25,18.00,5.50,5.25,"6,87,033.52"
31-Oct-2025,1.94,1.98,2.14,3.35,5.75,5.75,8.35,5.46,5.60,5.58,6.50,3.50,18.00,5.50,5.25,"6,89,732.84"
24-Oct-2025,1.94,2.08,2.28,3.35,5.75,5.75,8.35,5.46,5.59,5.58,6.49,3.50,18.00,5.50,5.25,"6,95,355.37"
17-Oct-2025,1.87,2.08,2.28,3.35,5.75,5.75,8.35,5.44,5.55,5.55,6.47,3.50,18.00,5.50,5.25,"7,02,280.03"
10-Oct-2025,1.80,2.08,2.23,3.35,5.75,5.75,8.35,5.43,5.55,5.55,6.48,3.50,18.00,5.50,5.25,"6,97,783.83"
03-Oct-2025,2.02,2.19,2.36,3.35,5.75,5.75,8.35,5.49,5.59,5.60,6.47,3.75,18.00,5.50,5.25,"6,99,960.31"
26-Sep-2025,2.19,2.17,2.23,3.35,5.75,5.75,8.50,5.47,5.58,5.61,6.60,3.75,18.00,5.50,5.25,"7,00,235.88"
19-Sep-2025,2.04,2.06,2.18,3.35,5.75,5.75,8.50,5.50,5.60,5.63,6.58,3.75,18.00,5.50,5.25,"7,02,569.93"
12-Sep-2025,1.85,1.97,2.13,3.35,5.75,5.75,8.50,5.51,5.62,5.67,6.57,3.75,18.00,5.50,5.25,"7,02,966.23"
05-Sep-2025,1.78,1.83,2.01,3.35,5.75,5.75,8.50,5.51,5.62,5.67,6.59,4.00,18.00,5.50,5.25,"6,98,268.21"
29-Aug-2025,1.76,1.80,1.97,3.35,5.75,5.75,8.50,5.51,5.60,5.64,6.67,4.00,18.00,5.50,5.25,"6,94,229.95"
22-Aug-2025,1.74,1.87,1.96,3.35,5.75,5.75,8.50,5.48,5.58,5.60,6.61,4.00,18.00,5.50,5.25,"6,90,720.37"
15-Aug-2025,1.63,1.77,1.91,3.35,5.75,5.75,8.50,5.49,5.57,5.59,6.47,4.00,18.00,5.50,5.25,"6,95,106.06"
08-Aug-2025,1.57,1.70,1.85,3.35,5.75,5.75,8.50,5.46,5.55,5.58,6.45,4.00,18.00,5.50,5.25,"6,93,617.92"
01-Aug-2025,1.70,1.68,1.77,3.35,5.75,5.75,8.50,5.40,5.52,5.57,6.41,4.00,18.00,5.50,5.25,"6,88,870.88"
25-Jul-2025,1.81,1.76,1.85,3.35,5.75,5.75,8.50,5.39,5.53,5.57,6.43,4.00,18.00,5.50,5.25,"6,98,192.38"
18-Jul-2025,1.55,1.60,1.74,3.35,5.75,5.75,8.50,5.39,5.54,5.59,6.31,4.00,18.00,5.50,5.25,"6,95,488.99"
11-Jul-2025,1.39,1.52,1.70,3.35,5.75,5.75,8.50,5.39,5.54,5.58,6.33,4.00,18.00,5.50,5.25,"6,96,672.00"
04-Jul-2025,1.39,1.61,1.73,3.35,5.75,5.75,9.10,5.37,5.50,5.55,6.33,4.00,18.00,5.50,5.25,"6,99,735.84"
27-Jun-2025,1.65,1.66,1.79,3.35,5.75,5.75,9.10,5.41,5.54,5.57,6.33,4.00,18.00,5.50,5.25,"7,02,784.41"
20-Jun-2025,1.62,1.57,1.68,3.35,5.75,5.75,9.10,5.36,5.46,5.50,6.33,4.00,18.00,5.50,5.25,"6,97,935.43"
13-Jun-2025,1.59,1.53,1.64,3.35,5.75,5.75,9.10,5.37,5.43,5.50,6.31,4.00,18.00,5.50,5.25,"6,98,950.16"
06-Jun-2025,1.44,1.55,1.54,3.35,5.75,5.75,9.10,5.58,5.60,5.60,6.26,4.00,18.00,5.50,5.25,"6,96,656.00"
30-May-2025,2.01,1.87,1.83,3.35,6.25,6.25,9.10,5.62,5.63,5.63,6.23,4.00,18.00,6.00,5.75,"6,91,484.66"
23-May-2025,2.02,1.91,1.88,3.35,6.25,6.25,9.10,5.71,5.71,5.73,6.24,4.00,18.00,6.00,5.75,"6,92,721.34"
16-May-2025,2.15,2.08,2.00,3.35,6.25,6.25,9.10,5.84,5.84,5.84,6.23,4.00,18.00,6.00,5.75,"6,85,729.50"
09-May-2025,2.83,2.48,2.39,3.35,6.25,6.25,9.10,5.88,5.88,5.88,6.34,4.00,18.00,6.00,5.75,"6,90,617.04"
02-May-2025,2.65,2.40,2.21,3.35,6.25,6.25,9.10,5.90,5.93,5.91,6.32,4.00,18.00,6.00,5.75,"6,86,063.57"
25-Apr-2025,2.57,2.34,2.15,3.35,6.25,6.25,9.10,5.90,5.95,5.95,6.40,4.00,18.00,6.00,5.75,"6,88,128.65"
18-Apr-2025,2.50,2.26,2.11,3.35,6.25,6.25,9.10,5.94,6.02,6.02,6.41,4.00,18.00,6.00,5.75,"6,86,145.46"
11-Apr-2025,2.59,2.31,2.19,3.35,6.25,6.25,9.10,6.03,6.10,6.09,6.48,4.00,18.00,6.00,5.75,"6,77,835.23"
04-Apr-2025,3.03,2.54,2.39,3.35,6.50,6.50,9.10,6.30,6.29,6.30,6.53,4.00,18.00,6.25,6.00,"6,76,268.37"
28-Mar-2025,3.12,2.56,2.28,3.35,6.50,6.50,9.10,6.52,6.52,6.47,6.62,4.00,18.00,6.25,6.00,"6,65,395.88"
21-Mar-2025,4.46,2.80,2.36,3.35,6.50,6.50,9.10,6.51,6.61,6.54,6.65,4.00,18.00,6.25,6.00,"6,58,799.55"
14-Mar-2025,2.97,2.41,2.17,3.35,6.50,6.50,9.10,6.49,6.61,6.56,6.72,4.00,18.00,6.25,6.00,"6,54,270.78"
07-Mar-2025,2.79,2.37,2.15,3.35,6.50,6.50,9.10,6.49,6.61,6.57,6.74,4.00,18.00,6.25,6.00,"6,53,965.64"
28-Feb-2025,3.21,2.46,2.20,3.35,6.50,6.50,9.10,6.45,6.60,6.54,6.73,4.00,18.00,6.25,6.00,"6,38,698.41"
21-Feb-2025,2.75,2.60,2.26,3.35,6.50,6.50,9.10,-,-,6.56,6.73,4.00,18.00,6.25,6.00,"6,40,479.48"
14-Feb-2025,3.34,2.89,2.37,3.35,6.50,6.50,9.10,6.44,6.57,6.55,6.74,4.00,18.00,6.25,6.00,"6,35,721.19"
07-Feb-2025,2.66,2.63,2.31,3.35,6.50,6.50,9.10,6.47,6.58,6.54,6.73,4.00,18.00,6.25,6.00,"6,38,261.39"
31-Jan-2025,2.80,2.69,2.30,3.35,6.75,6.75,9.10,6.56,6.67,6.63,6.71,4.00,18.00,6.50,6.25,"6,30,607.39"
24-Jan-2025,2.90,2.89,2.43,3.35,6.75,6.75,9.10,6.61,6.71,6.68,6.75,4.00,18.00,6.50,6.25,"6,29,556.94"
17-Jan-2025,3.12,3.16,2.65,3.35,6.75,6.75,9.10,6.60,6.72,6.70,6.78,4.00,18.00,6.50,6.25,"6,23,983.29"
10-Jan-2025,3.66,3.62,2.99,3.35,6.75,6.75,9.10,6.59,6.70,6.69,6.77,4.00,18.00,6.50,6.25,"6,25,871.05"
03-Jan-2025,3.12,3.37,2.86,3.35,6.75,6.75,9.10,6.60,6.72,6.70,6.78,4.00,18.00,6.50,6.25,"6,34,585.12"
27-Dec-2024,3.70,2.91,2.61,3.35,6.75,6.75,9.10,6.55,6.70,6.69,6.79,4.25,18.00,6.50,6.25,"6,40,278.51"
20-Dec-2024,2.89,2.49,2.37,3.35,6.75,6.75,9.10,6.47,6.64,6.63,6.82,4.25,18.00,6.50,6.25,"6,44,390.59"
13-Dec-2024,2.29,2.25,2.25,3.35,6.75,6.75,9.10,6.45,6.61,6.58,6.74,4.50,18.00,6.50,6.25,"6,52,868.77"
06-Dec-2024,1.99,1.98,2.04,3.35,6.75,6.75,9.10,6.43,6.54,6.53,6.76,4.50,18.00,6.50,6.25,"6,54,856.73"
29-Nov-2024,1.94,1.98,2.18,3.35,6.75,6.75,9.10,6.49,6.66,6.65,6.79,4.50,18.00,6.50,6.25,"6,58,091.35"
22-Nov-2024,1.74,1.80,2.01,3.35,6.75,6.75,9.10,6.46,6.65,6.62,6.86,4.50,18.00,6.50,6.25,"6,56,581.81"
15-Nov-2024,1.62,1.68,1.97,3.35,6.75,6.75,9.10,6.44,6.62,6.61,6.83,4.50,18.00,6.50,6.25,"6,57,891.91"
08-Nov-2024,1.45,1.59,1.92,3.35,6.75,6.75,9.10,6.44,6.63,6.60,6.77,4.50,18.00,6.50,6.25,"6,75,653.22"
01-Nov-2024,1.40,1.64,2.00,3.35,6.75,6.75,9.10,6.51,6.64,6.60,6.81,4.50,18.00,6.50,6.25,"6,82,129.96"
25-Oct-2024,1.49,1.69,2.01,3.35,6.75,6.75,9.10,6.48,6.60,6.60,6.81,4.50,18.00,6.50,6.25,"6,84,804.73"
18-Oct-2024,1.47,1.70,1.99,3.35,6.75,6.75,9.10,6.45,6.55,6.54,6.78,4.50,18.00,6.50,6.25,"6,88,267.42"
11-Oct-2024,1.71,1.78,2.05,3.35,6.75,6.75,9.10,6.43,6.54,6.53,6.75,4.50,18.00,6.50,6.25,"6,90,430.22"
04-Oct-2024,1.59,1.75,2.15,3.35,6.75,6.75,9.10,6.47,6.56,6.55,6.80,4.50,18.00,6.50,6.25,"7,01,175.92"
27-Sep-2024,1.65,1.74,2.11,3.35,6.75,6.75,9.10,-,-,-,6.78,4.50,18.00,6.50,6.25,"7,04,884.80"
20-Sep-2024,1.66,1.78,2.03,3.35,6.75,6.75,9.10,-,-,-,6.80,4.50,18.00,6.50,6.25,"6,92,296.35"
13-Sep-2024,1.41,1.58,1.84,3.35,6.75,6.75,9.10,6.65,6.72,6.70,6.84,4.50,18.00,6.50,6.25,"6,89,458.06"
06-Sep-2024,1.28,1.45,1.73,3.35,6.75,6.75,9.10,6.63,6.73,6.72,6.91,4.50,18.00,6.50,6.25,"6,89,234.82"
30-Aug-2024,1.12,1.34,1.64,3.35,6.75,6.75,9.10,6.63,6.72,6.72,6.90,4.50,18.00,6.50,6.25,"6,83,986.62"
23-Aug-2024,1.08,1.32,1.61,3.35,6.75,6.75,9.10,6.64,6.72,6.73,6.90,4.50,18.00,6.50,6.25,"6,81,687.68"
16-Aug-2024,1.05,1.29,1.59,3.35,6.75,6.75,9.10,6.62,6.73,6.72,6.91,4.50,18.00,6.50,6.25,"6,74,664.31"
09-Aug-2024,1.06,1.31,1.60,3.35,6.75,6.75,9.10,6.64,6.73,6.73,6.93,4.50,18.00,6.50,6.25,"6,70,118.77"
02-Aug-2024,1.10,1.26,1.50,3.35,6.75,6.75,9.10,6.67,6.79,6.80,6.91,4.50,18.00,6.50,6.25,"6,74,918.57"
26-Jul-2024,1.11,1.20,1.43,3.35,6.75,6.75,9.10,6.71,6.82,6.84,6.98,4.50,18.00,6.50,6.25,"6,67,385.83"
19-Jul-2024,1.11,1.18,1.39,3.35,6.75,6.75,9.10,6.74,6.85,6.87,7.00,4.50,18.00,6.50,6.25,"6,70,857.03"
12-Jul-2024,1.07,1.15,1.31,3.35,6.75,6.75,9.10,6.76,6.87,6.92,7.02,4.50,18.00,6.50,6.25,"6,66,854.12"
05-Jul-2024,1.11,1.15,1.28,3.35,6.75,6.75,9.10,6.78,6.90,6.95,7.03,4.50,18.00,6.50,6.25,"6,57,155.03"
28-Jun-2024,1.10,1.14,1.26,3.35,6.75,6.75,9.10,6.80,6.92,6.96,7.04,4.50,18.00,6.50,6.25,"6,51,997.26"
21-Jun-2024,1.05,1.12,1.28,3.35,6.75,6.75,9.10,6.82,6.96,6.98,7.01,4.50,18.00,6.50,6.25,"6,53,710.55"
14-Jun-2024,1.08,1.16,1.30,3.35,6.75,6.75,9.10,6.84,6.99,7.01,7.01,4.50,18.00,6.50,6.25,"6,52,895.01"
07-Jun-2024,1.01,1.12,1.27,3.35,6.75,6.75,9.10,6.86,7.02,7.03,7.03,4.50,18.00,6.50,6.25,"6,55,816.76"
31-May-2024,1.08,1.22,1.34,3.35,6.75,6.75,9.10,6.85,7.01,7.04,7.01,4.50,18.00,6.50,6.25,"6,51,509.98"
24-May-2024,1.14,1.23,1.35,3.35,6.75,6.75,9.10,6.85,7.01,7.02,7.01,4.50,18.00,6.50,6.25,"6,46,673.00"
17-May-2024,1.18,1.28,1.40,3.35,6.75,6.75,9.10,6.99,7.08,7.08,7.05,4.50,18.00,6.50,6.25,"6,48,700.12"
10-May-2024,1.24,1.31,1.43,3.35,6.75,6.75,9.10,7.00,7.08,7.09,7.08,4.50,18.00,6.50,6.25,"6,44,150.95"
03-May-2024,1.19,1.27,1.38,3.35,6.75,6.75,9.10,7.00,7.04,7.08,7.12,4.50,18.00,6.50,6.25,"6,41,589.99"
26-Apr-2024,1.16,1.26,1.37,3.35,6.75,6.75,9.10,6.92,7.04,7.07,7.16,4.50,18.00,6.50,6.25,"6,37,921.64"
19-Apr-2024,1.16,1.25,1.40,3.35,6.75,6.75,9.10,6.88,7.03,7.06,7.18,4.50,18.00,6.50,6.25,"6,40,333.68"
12-Apr-2024,1.04,1.14,1.30,3.35,6.75,6.75,9.10,6.87,7.03,7.05,7.16,4.50,18.00,6.50,6.25,"6,43,161.62"
05-Apr-2024,1.13,1.21,1.35,3.35,6.75,6.75,9.10,6.88,7.02,7.04,7.10,4.50,18.00,6.50,6.25,"6,48,562.22"
29-Mar-2024,1.00,1.11,1.31,3.35,6.75,6.75,9.10,7.01,7.14,7.08,7.07,4.50,18.00,6.50,6.25,"6,45,582.59"
22-Mar-2024,0.91,1.08,1.26,3.35,6.75,6.75,9.10,6.88,7.12,7.08,7.11,4.50,18.00,6.50,6.25,"6,42,631.47"
15-Mar-2024,1.13,1.16,1.31,3.35,6.75,6.75,9.10,6.88,7.14,7.09,7.08,4.50,18.00,6.50,6.25,"6,42,491.53"
08-Mar-2024,1.03,1.20,1.33,3.35,6.75,6.75,9.10,6.90,7.15,7.10,7.02,4.50,18.00,6.50,6.25,"6,36,095.47"
01-Mar-2024,1.51,1.39,1.42,3.35,6.75,6.75,9.10,6.96,7.17,7.12,7.06,4.50,18.00,6.50,6.25,"6,25,625.83"
23-Feb-2024,1.19,1.51,1.50,3.35,6.75,6.75,9.10,7.02,7.19,7.13,7.09,4.50,18.00,6.50,6.25,"6,19,072.07"
16-Feb-2024,1.27,1.57,1.55,3.35,6.75,6.75,9.10,7.05,7.18,7.15,7.10,4.50,18.00,6.50,6.25,"6,16,097.24"
09-Feb-2024,1.36,1.60,1.55,3.35,6.75,6.75,9.10,7.01,7.15,7.11,7.11,4.50,18.00,6.50,6.25,"6,17,229.53"
02-Feb-2024,1.20,1.57,1.55,3.35,6.75,6.75,9.10,7.04,7.18,7.15,7.06,4.50,18.00,6.50,6.25,"6,22,469.42"
26-Jan-2024,1.30,1.59,1.60,3.35,6.75,6.75,9.10,7.02,7.19,7.17,7.18,4.50,18.00,6.50,6.25,"6,16,733.16"
19-Jan-2024,1.29,1.65,1.63,3.35,6.75,6.75,9.10,6.97,7.17,7.15,7.21,4.50,18.00,6.50,6.25,"6,16,142.56"
12-Jan-2024,1.37,1.69,1.66,3.35,6.75,6.75,9.10,6.93,7.16,7.15,7.18,4.50,18.00,6.50,6.25,"6,18,937.12"
05-Jan-2024,1.33,1.66,1.59,3.35,6.75,6.75,9.10,6.94,7.15,7.13,7.24,4.50,18.00,6.50,6.25,"6,17,302.87"
29-Dec-2023,1.23,1.65,1.51,3.35,6.75,6.75,8.95,6.93,7.16,7.13,7.20,4.50,18.00,6.50,6.25,"6,23,200.44"
22-Dec-2023,1.16,1.19,1.50,3.35,6.75,6.75,8.95,6.94,7.14,7.11,7.20,4.50,18.00,6.50,6.25,"6,20,441.30"
15-Dec-2023,1.15,1.18,1.52,3.35,6.75,6.75,8.95,6.98,7.19,7.19,7.16,4.50,18.00,6.50,6.25,"6,15,970.57"
08-Dec-2023,0.98,1.13,1.49,3.35,6.75,6.75,8.95,6.95,7.17,7.16,7.24,4.50,18.00,6.50,6.25,"6,06,858.79"
01-Dec-2023,0.68,0.99,1.35,3.35,6.75,6.75,8.95,6.96,7.16,7.15,7.32,4.50,18.00,6.50,6.25,"6,04,042.30"
24-Nov-2023,0.95,1.12,1.47,3.35,6.75,6.75,8.95,6.95,7.12,7.15,7.26,4.50,18.00,6.50,6.25,"5,97,935.00"
17-Nov-2023,0.69,1.02,1.42,3.35,6.75,6.75,8.95,6.94,7.10,7.13,7.21,4.50,18.00,6.50,6.25,"5,95,397.39"
10-Nov-2023,0.62,1.01,1.45,3.35,6.75,6.75,8.95,6.92,7.11,7.15,7.30,4.50,18.00,6.50,6.25,"5,90,320.85"
03-Nov-2023,0.84,1.18,1.57,3.35,6.75,6.75,8.95,6.93,7.14,7.16,7.31,4.50,18.00,6.50,6.25,"5,90,782.52"
27-Oct-2023,1.02,1.33,1.71,3.35,6.75,6.75,8.95,6.93,7.14,7.16,7.37,4.50,18.00,6.50,6.25,"5,86,110.68"
20-Oct-2023,1.12,1.37,1.70,3.35,6.75,6.75,8.95,6.89,7.14,7.14,7.37,4.50,18.00,6.50,6.25,"5,83,532.13"
13-Oct-2023,1.40,1.50,1.77,3.35,6.75,6.75,8.95,6.88,7.13,7.15,7.32,4.50,18.00,6.50,6.25,"5,85,894.94"
06-Oct-2023,1.67,1.71,1.80,3.35,6.75,6.75,8.95,6.86,7.10,7.13,7.34,4.50,18.00,6.50,6.25,"5,84,741.50"
29-Sep-2023,1.88,1.69,1.75,3.35,6.75,6.75,8.85,6.86,7.08,7.08,7.22,4.50,18.00,6.50,6.25,"5,86,907.63"
22-Sep-2023,1.54,1.60,1.64,3.35,6.75,6.75,8.85,6.85,7.07,7.09,7.16,4.50,18.00,6.50,6.25,"5,90,701.81"
15-Sep-2023,1.44,1.54,1.59,3.35,6.75,6.75,8.85,6.85,7.05,7.06,7.16,4.50,18.00,6.50,6.25,"5,93,037.09"
08-Sep-2023,1.38,1.43,1.53,3.35,6.75,6.75,8.85,6.80,7.02,7.03,7.17,4.50,18.00,6.50,6.25,"5,93,904.28"
01-Sep-2023,1.31,1.38,1.43,3.35,6.75,6.75,8.85,6.82,7.02,7.03,7.15,4.50,18.00,6.50,6.25,"5,98,896.64"
25-Aug-2023,1.31,1.38,1.40,3.35,6.75,6.75,8.85,6.86,7.04,7.05,7.18,4.50,18.00,6.50,6.25,"5,94,857.85"
18-Aug-2023,1.34,1.38,1.41,3.35,6.75,6.75,8.85,6.88,7.04,7.07,7.19,4.50,18.00,6.50,6.25,"5,94,888.22"
11-Aug-2023,1.30,1.30,1.35,3.35,6.75,6.75,8.85,6.75,6.91,6.96,7.18,4.50,18.00,6.50,6.25,"6,02,161.00"
04-Aug-2023,1.16,1.21,1.29,3.35,6.75,6.75,8.85,6.72,6.87,6.93,7.19,4.50,18.00,6.50,6.25,"6,01,453.00"
28-Jul-2023,1.17,1.22,1.33,3.35,6.75,6.75,8.85,6.72,6.86,6.89,7.14,4.50,18.00,6.50,6.25,"6,03,870.00"
21-Jul-2023,1.32,1.27,1.37,3.35,6.75,6.75,8.85,6.71,6.86,6.89,7.08,4.50,18.00,6.50,6.25,"6,07,035.00"
14-Jul-2023,1.32,1.34,1.45,3.35,6.75,6.75,8.85,6.74,6.87,6.88,7.08,4.50,18.00,6.50,6.25,"6,09,022.25"
07-Jul-2023,1.31,1.31,1.34,3.35,6.75,6.75,8.85,6.72,6.83,6.85,7.15,4.50,18.00,6.50,6.25,"5,96,279.70"
30-Jun-2023,1.39,1.32,1.38,3.35,6.75,6.75,8.75,6.76,6.87,6.87,7.10,4.50,18.00,6.50,6.25,"5,95,051.38"
23-Jun-2023,1.17,1.37,1.50,3.35,6.75,6.75,8.75,6.74,6.90,6.89,7.07,4.50,18.00,6.50,6.25,"5,93,197.72"
16-Jun-2023,1.25,1.42,1.49,3.35,6.75,6.75,8.75,6.79,6.91,6.91,7.02,4.50,18.00,6.50,6.25,"5,96,098.37"
09-Jun-2023,1.31,1.36,1.46,3.35,6.75,6.75,8.75,6.75,6.86,6.86,7.03,4.50,18.00,6.50,6.25,"5,93,748.60"
02-Jun-2023,1.38,1.46,1.48,3.35,6.75,6.75,8.75,6.78,6.90,6.89,7.05,4.50,18.00,6.50,6.25,"5,95,066.54"
26-May-2023,1.45,1.55,1.62,3.35,6.75,6.75,8.75,6.77,6.90,6.89,7.02,4.50,18.00,6.50,6.25,"5,89,137.63"
19-May-2023,1.45,1.52,1.67,3.35,6.75,6.75,8.75,6.84,6.97,6.96,7.02,4.50,18.00,6.50,6.25,"5,93,476.63"
12-May-2023,1.61,1.70,1.80,3.35,6.75,6.75,8.75,6.95,7.03,7.02,7.00,4.50,18.00,6.50,6.25,"5,99,528.81"
05-May-2023,1.76,1.81,1.97,3.35,6.75,6.75,8.75,6.90,6.99,7.00,7.01,4.50,18.00,6.50,6.25,"5,95,976.17"
28-Apr-2023,1.73,1.82,1.98,3.35,6.75,6.75,8.75,6.82,6.97,7.00,7.12,4.50,18.00,6.50,6.25,"5,88,779.85"
21-Apr-2023,1.75,1.92,2.04,3.35,6.75,6.75,8.75,6.78,6.95,7.01,7.16,4.50,18.00,6.50,6.25,"5,84,247.67"
14-Apr-2023,1.76,1.95,2.12,3.35,6.75,6.75,8.75,6.73,6.98,7.02,7.22,4.50,18.00,6.50,6.25,"5,86,411.90"
07-Apr-2023,2.05,2.20,2.32,3.35,6.75,6.75,8.75,6.92,7.18,7.22,7.22,4.50,18.00,6.50,6.25,"5,84,754.78"
31-Mar-2023,2.41,2.19,2.31,3.35,6.75,6.75,8.65,-,7.28,7.31,7.31,4.50,18.00,6.50,6.25,"5,78,449.15"
24-Mar-2023,2.92,2.43,2.40,3.35,6.75,6.75,8.65,6.74,7.23,7.24,7.32,4.50,18.00,6.50,6.25,"5,78,778.17"
17-Mar-2023,2.91,2.52,2.39,3.35,6.75,6.75,8.65,6.86,7.27,7.31,7.35,4.50,18.00,6.50,6.25,"5,72,800.76"
10-Mar-2023,2.93,2.46,2.27,3.35,6.75,6.75,8.65,6.97,7.38,7.48,7.42,4.50,18.00,6.50,6.25,"5,60,002.50"
03-Mar-2023,2.63,2.46,2.25,3.35,6.75,6.75,8.65,6.94,7.30,7.39,7.40,4.50,18.00,6.50,6.25,"5,62,399.80"
24-Feb-2023,2.10,2.56,2.30,3.35,6.75,6.75,8.65,6.82,7.18,7.26,7.39,4.50,18.00,6.50,6.25,"5,60,941.54"
17-Feb-2023,1.88,2.37,2.13,3.35,6.75,6.75,8.65,6.73,7.12,7.16,7.37,4.50,18.00,6.50,6.25,"5,61,266.84"
10-Feb-2023,1.89,2.52,2.28,3.35,6.75,6.75,8.65,6.67,7.02,7.06,7.33,4.50,18.00,6.50,6.25,"5,66,948.05"
03-Feb-2023,1.90,2.53,2.36,3.35,6.50,6.50,8.65,6.56,6.93,6.98,7.25,4.50,18.00,6.25,6.00,"5,75,266.77"
27-Jan-2023,1.77,2.55,2.44,3.35,6.50,6.50,8.65,6.47,6.87,6.90,7.39,4.50,18.00,6.25,6.00,"5,76,760.72"
20-Jan-2023,1.99,2.56,2.41,3.35,6.50,6.50,8.65,6.42,6.82,6.91,7.35,4.50,18.00,6.25,6.00,"5,73,727.18"
13-Jan-2023,1.88,2.39,2.39,3.35,6.50,6.50,8.65,6.39,6.78,6.90,7.44,4.50,18.00,6.25,6.00,"5,72,000.40"
06-Jan-2023,2.03,2.20,2.18,3.35,6.50,6.50,8.60,6.36,6.78,6.92,7.38,4.50,18.00,6.25,6.00,"5,61,583.37"
30-Dec-2022,2.17,2.17,2.22,3.35,6.50,6.50,8.10,6.31,6.74,6.89,7.34,4.50,18.00,6.25,6.00,"5,62,851.39"
23-Dec-2022,2.32,2.32,2.44,3.35,6.50,6.50,8.10,6.39,6.76,6.90,7.33,4.50,18.00,6.25,6.00,"5,62,807.65"
16-Dec-2022,2.03,2.13,2.23,3.35,6.50,6.50,8.10,6.40,6.75,6.87,7.28,4.50,18.00,6.25,6.00,"5,63,498.55"
09-Dec-2022,1.90,1.85,1.99,3.35,6.50,6.50,8.10,6.45,6.79,6.92,7.30,4.50,18.00,6.25,6.00,"5,64,069.96"
02-Dec-2022,1.92,1.85,2.02,3.35,6.15,6.15,8.10,6.40,6.73,6.87,7.22,4.50,18.00,5.90,5.65,"5,61,161.60"
25-Nov-2022,2.21,2.16,2.26,3.35,6.15,6.15,8.10,6.45,6.75,6.88,7.32,4.50,18.00,5.90,5.65,"5,50,142.02"
18-Nov-2022,2.35,2.35,2.42,3.35,6.15,6.15,8.10,6.44,6.74,6.88,7.32,4.50,18.00,5.90,5.65,"5,47,252.30"
11-Nov-2022,2.83,2.68,2.63,3.35,6.15,6.15,8.10,6.48,6.82,6.98,7.32,4.50,18.00,5.90,5.65,"5,44,714.87"
04-Nov-2022,2.69,2.52,2.45,3.35,6.15,6.15,8.10,6.47,6.80,6.95,7.48,4.50,18.00,5.90,5.65,"5,29,994.26"
28-Oct-2022,3.28,2.86,2.74,3.35,6.15,6.15,8.10,6.40,6.72,6.92,7.41,4.50,18.00,5.90,5.65,"5,31,080.81"
21-Oct-2022,3.04,2.49,2.41,3.35,6.15,6.15,8.10,6.36,6.74,6.94,7.50,4.50,18.00,5.90,5.65,"5,24,519.77"
14-Oct-2022,3.42,3.03,2.82,3.35,6.15,6.15,8.10,6.31,6.76,7.02,7.47,4.50,18.00,5.90,5.65,"5,28,366.92"
07-Oct-2022,4.08,3.45,3.18,3.35,6.15,6.15,8.10,6.08,6.60,6.79,7.47,4.50,18.00,5.90,5.65,"5,32,868.05"
30-Sep-2022,3.83,3.38,3.02,3.35,6.15,6.15,7.75,6.18,6.64,6.80,7.41,4.50,18.00,5.90,5.65,"5,32,663.72"
23-Sep-2022,3.26,2.99,2.66,3.35,5.65,5.65,7.75,5.88,6.43,6.65,7.40,4.50,18.00,5.40,5.15,"5,37,518.17"
16-Sep-2022,3.16,2.98,2.78,3.35,5.65,5.65,7.75,5.72,6.19,6.43,7.24,4.50,18.00,5.40,5.15,"5,45,652.49"
09-Sep-2022,3.01,2.99,2.84,3.35,5.65,5.65,7.75,5.63,6.10,6.34,7.12,4.50,18.00,5.40,5.15,"5,50,871.31"
02-Sep-2022,3.16,3.06,2.90,3.35,5.65,5.65,7.75,5.63,6.09,6.32,7.23,4.50,18.00,5.40,5.15,"5,53,105.18"
26-Aug-2022,3.30,3.20,3.00,3.35,5.65,5.65,7.75,5.60,5.99,6.27,7.20,4.50,18.00,5.40,5.15,"5,61,045.77"
19-Aug-2022,3.31,3.16,3.03,3.35,5.65,5.65,7.75,5.56,5.91,6.20,7.26,4.50,18.00,5.40,5.15,"5,64,053.15"
12-Aug-2022,3.39,3.14,3.09,3.35,5.65,5.65,7.75,5.59,5.96,6.26,7.32,4.50,18.00,5.40,5.15,"5,70,740.10"
05-Aug-2022,3.49,3.24,3.08,3.35,5.65,5.65,7.75,5.56,5.89,6.23,7.32,4.50,18.00,5.40,5.15,"5,72,977.61"
29-Jul-2022,3.32,3.35,3.20,3.35,5.15,5.15,7.75,5.62,5.98,6.33,7.32,4.50,18.00,4.90,4.65,"5,73,874.70"
22-Jul-2022,3.37,3.36,3.13,3.35,5.15,5.15,7.75,5.40,5.85,6.24,7.42,4.50,18.00,4.90,4.65,"5,71,559.89"
15-Jul-2022,3.30,3.10,2.98,3.35,5.15,5.15,7.75,5.24,5.75,6.18,7.43,4.50,18.00,4.90,4.65,"5,72,711.71"
08-Jul-2022,3.18,3.03,2.94,3.35,5.15,5.15,7.75,5.14,5.67,6.14,7.42,4.50,18.00,4.90,4.65,"5,80,252.25"
01-Jul-2022,3.03,2.98,2.88,3.35,5.15,5.15,7.75,5.16,5.79,6.29,7.42,4.50,18.00,4.90,4.65,"5,88,314.23"
24-Jun-2022,2.76,2.86,2.89,3.35,5.15,5.15,7.25,5.09,5.76,6.28,7.49,4.50,18.00,4.90,4.65,"5,93,322.58"
17-Jun-2022,3.01,3.08,3.12,3.35,5.15,5.15,7.25,5.06,5.73,6.28,7.59,4.50,18.00,4.90,4.65,"5,90,588.12"
10-Jun-2022,3.24,3.39,3.42,3.35,5.15,5.15,7.25,5.00,5.63,6.12,7.55,4.50,18.00,4.90,4.65,"5,96,458.16"
03-Jun-2022,3.56,3.61,3.60,3.35,4.65,4.65,7.25,4.95,5.52,6.08,7.49,4.50,18.00,4.40,4.15,"6,01,057.22"
27-May-2022,3.55,3.63,3.66,3.35,4.65,4.65,7.25,4.89,5.43,5.91,7.37,4.50,18.00,4.40,4.15,"6,01,362.87"
20-May-2022,3.56,3.61,3.69,3.35,4.65,4.65,7.25,4.91,5.43,5.92,7.38,4.00,18.00,4.40,4.15,"5,97,509.20"
13-May-2022,3.29,3.49,3.53,3.35,4.65,4.65,7.25,4.95,5.46,5.92,7.34,4.00,18.00,4.40,4.15,"5,93,278.77"
06-May-2022,4.07,4.07,4.09,3.35,4.65,4.65,7.25,4.03,4.43,4.84,7.46,4.00,18.00,4.40,4.15,"5,95,954.31"
29-Apr-2022,4.08,3.77,3.69,3.35,4.25,4.25,7.25,3.98,4.40,4.81,7.15,4.00,18.00,4.00,3.75,"5,97,727.87"
22-Apr-2022,3.77,3.83,3.83,3.35,4.25,4.25,7.25,3.96,4.41,4.81,7.17,4.00,18.00,4.00,3.75,"6,00,422.86"
15-Apr-2022,4.01,4.09,4.12,3.35,4.25,4.25,7.25,3.98,4.43,4.82,7.22,4.00,18.00,4.00,3.75,"6,03,693.72"
08-Apr-2022,4.04,4.12,4.06,3.35,4.25,4.25,7.25,3.87,4.27,4.56,7.13,4.00,18.00,4.00,3.75,"6,04,004.34"
01-Apr-2022,3.90,3.89,3.84,3.35,4.25,4.25,7.25,3.84,4.27,4.58,6.86,4.00,18.00,4.00,-,"6,06,475.33"
25-Mar-2022,5.67,4.46,4.10,3.35,4.25,4.25,7.25,3.80,4.32,4.62,6.83,4.00,18.00,4.00,-,"6,17,647.83"
18-Mar-2022,4.90,4.32,4.06,3.35,4.25,4.25,7.25,3.77,4.33,4.65,6.79,4.00,18.00,4.00,-,"6,19,677.95"
11-Mar-2022,5.57,4.63,4.30,3.35,4.25,4.25,7.25,3.81,4.38,4.71,6.85,4.00,18.00,4.00,-,"6,22,274.65"
04-Mar-2022,4.33,4.41,4.20,3.35,4.25,4.25,7.25,3.74,4.29,4.63,6.82,4.00,18.00,4.00,-,"6,31,920.32"
25-Feb-2022,4.30,4.41,4.20,3.35,4.25,4.25,7.25,3.70,4.19,4.52,6.76,4.00,18.00,4.00,-,"6,31,526.67"
18-Feb-2022,3.52,4.40,4.15,3.35,4.25,4.25,7.25,3.68,4.16,4.49,6.66,4.00,18.00,4.00,-,"6,32,951.90"
11-Feb-2022,3.11,4.09,3.93,3.35,4.25,4.25,7.25,3.89,4.40,4.67,6.70,4.00,18.00,4.00,-,"6,30,189.75"
04-Feb-2022,3.53,4.82,4.62,3.35,4.25,4.25,7.25,3.88,4.40,4.66,6.88,4.00,18.00,4.00,-,"6,31,952.95"
28-Jan-2022,3.84,4.88,4.66,3.35,4.25,4.25,7.25,3.71,4.18,4.51,6.77,4.00,18.00,4.00,-,"6,29,755.15"
21-Jan-2022,3.94,4.72,4.75,3.35,4.25,4.25,7.25,3.69,4.12,4.47,6.63,4.00,18.00,4.00,-,"6,34,286.56"
14-Jan-2022,3.80,4.53,4.80,3.35,4.25,4.25,7.25,3.57,4.03,4.38,6.57,4.00,18.00,4.00,-,"6,34,964.92"
07-Jan-2022,3.88,4.33,4.68,3.35,4.25,4.25,7.25,3.56,4.02,4.34,6.61,4.00,18.00,4.00,-,"6,32,735.84"
31-Dec-2021,3.96,4.15,4.71,3.35,4.25,4.25,7.25,3.66,3.97,4.27,6.47,4.00,18.00,4.00,-,"6,33,614.31"
24-Dec-2021,3.83,3.94,4.60,3.35,4.25,4.25,7.25,3.70,3.98,4.26,6.48,4.00,18.00,4.00,-,"6,35,079.86"
17-Dec-2021,3.78,3.83,4.57,3.35,4.25,4.25,7.25,3.53,3.87,4.18,6.45,4.00,18.00,4.00,-,"6,35,667.30"
10-Dec-2021,3.49,3.65,4.52,3.35,4.25,4.25,7.25,3.49,3.82,4.15,6.40,4.00,18.00,4.00,-,"6,35,827.76"
03-Dec-2021,3.68,3.76,4.69,3.35,4.25,4.25,7.25,3.52,3.82,4.15,6.41,4.00,18.00,4.00,-,"6,35,904.86"
26-Nov-2021,3.69,3.80,4.71,3.35,4.25,4.25,7.30,3.53,3.83,4.13,6.34,4.00,18.00,4.00,-,"6,37,687.39"
19-Nov-2021,3.64,3.99,4.72,3.35,4.25,4.25,7.30,3.52,3.82,4.10,6.34,4.00,18.00,4.00,-,"6,40,400.81"
12-Nov-2021,3.38,3.79,4.53,3.35,4.25,4.25,7.30,3.54,3.82,4.07,6.37,4.00,18.00,4.00,-,"6,40,111.68"
05-Nov-2021,4.02,4.35,4.80,3.35,4.25,4.25,7.30,3.65,3.88,4.09,6.36,4.00,18.00,4.00,-,"6,40,874.20"
29-Oct-2021,4.17,4.39,4.75,3.35,4.25,4.25,7.30,3.56,3.83,4.04,6.43,4.00,18.00,4.00,-,"6,42,019.14"
22-Oct-2021,4.01,4.23,4.61,3.35,4.25,4.25,7.30,3.45,3.70,3.95,6.40,4.00,18.00,4.00,-,"6,40,100.29"
15-Oct-2021,3.82,3.90,4.34,3.35,4.25,4.25,7.30,3.39,3.64,3.90,6.35,4.00,18.00,4.00,-,"6,41,007.81"
08-Oct-2021,3.68,3.87,4.23,3.35,4.25,4.25,7.30,3.48,3.60,3.89,6.35,4.00,18.00,4.00,-,"6,39,516.13"
01-Oct-2021,3.65,3.82,4.08,3.35,4.25,4.25,7.30,3.45,3.57,3.81,6.27,4.00,18.00,4.00,-,"6,37,477.28"
24-Sep-2021,3.50,3.64,3.87,3.35,4.25,4.25,7.30,3.34,3.42,3.60,6.21,4.00,18.00,4.00,-,"6,38,645.93"
17-Sep-2021,3.51,3.62,3.85,3.35,4.25,4.25,7.30,3.30,3.39,3.58,6.19,4.00,18.00,4.00,-,"6,39,642.44"
10-Sep-2021,3.34,3.56,3.81,3.35,4.25,4.25,7.30,3.29,3.41,3.56,6.19,4.00,18.00,4.00,-,"6,41,112.74"
03-Sep-2021,3.37,3.53,3.79,3.35,4.25,4.25,7.30,3.29,3.42,3.62,6.17,4.00,18.00,4.00,-,"6,42,453.19"
27-Aug-2021,3.40,3.56,3.76,3.35,4.25,4.25,7.40,3.30,3.45,3.65,6.30,4.00,18.00,4.00,-,"6,33,558.18"
20-Aug-2021,3.63,3.74,3.88,3.35,4.25,4.25,7.40,3.33,3.46,3.65,6.28,4.00,18.00,4.00,-,"6,16,895.38"
13-Aug-2021,3.54,3.82,3.94,3.35,4.25,4.25,7.40,3.39,3.47,3.69,6.28,4.00,18.00,4.00,-,"6,19,364.88"
06-Aug-2021,3.51,3.80,3.99,3.35,4.25,4.25,7.40,3.38,3.49,3.70,6.27,4.00,18.00,4.00,-,"6,21,464.20"
30-Jul-2021,3.55,3.82,4.01,3.35,4.25,4.25,7.40,3.39,3.53,3.73,6.22,4.00,18.00,4.00,-,"6,20,575.50"
23-Jul-2021,3.63,3.95,4.12,3.35,4.25,4.25,7.40,3.42,3.56,3.77,6.18,4.00,18.00,4.00,-,"6,11,148.91"
16-Jul-2021,4.02,4.15,4.27,3.35,4.25,4.25,7.40,3.43,3.60,3.81,6.14,4.00,18.00,4.00,-,"6,12,729.65"
09-Jul-2021,4.10,4.15,4.27,3.35,4.25,4.25,7.40,3.44,3.62,3.84,6.10,4.00,18.00,4.00,-,"6,11,895.11"
02-Jul-2021,4.01,4.09,4.21,3.35,4.25,4.25,7.40,3.44,3.72,3.89,6.40,4.00,18.00,4.00,-,"6,10,012.03"
25-Jun-2021,3.80,3.99,4.13,3.35,4.25,4.25,7.40,3.47,3.72,3.89,6.34,4.00,18.00,4.00,-,"6,08,999.19"
18-Jun-2021,3.97,4.15,4.25,3.35,4.25,4.25,7.40,3.47,3.70,3.85,6.25,4.00,18.00,4.00,-,"6,03,933.47"
11-Jun-2021,4.19,4.30,4.40,3.35,4.25,4.25,7.40,3.40,3.64,3.76,6.24,4.00,18.00,4.00,-,"6,08,081.19"
04-Jun-2021,3.62,4.08,4.27,3.35,4.25,4.25,7.40,3.41,3.65,3.74,6.25,4.00,18.00,4.00,-,"6,05,007.54"
28-May-2021,5.46,5.63,5.49,3.35,4.25,4.25,7.40,3.40,3.60,3.73,6.26,4.00,18.00,4.00,-,"5,98,165.07"
21-May-2021,5.83,5.72,5.59,3.35,4.25,4.25,7.40,3.38,3.58,3.73,6.22,3.50,18.00,4.00,-,"5,92,893.60"
14-May-2021,6.05,5.89,5.56,3.35,4.25,4.25,7.40,3.37,3.57,3.72,6.20,3.50,18.00,4.00,-,"5,90,028.22"
07-May-2021,5.37,5.32,5.17,3.35,4.25,4.25,7.40,3.33,3.55,3.72,6.22,3.50,18.00,4.00,-,"5,89,464.82"
30-Apr-2021,6.00,5.38,5.17,3.35,4.25,4.25,7.40,3.32,3.45,3.72,6.26,3.50,18.00,4.00,-,"5,88,020.40"
23-Apr-2021,5.45,5.07,4.86,3.35,4.25,4.25,7.40,3.34,3.53,3.75,6.28,3.50,18.00,4.00,-,"5,84,107.25"
16-Apr-2021,5.07,4.94,4.81,3.35,4.25,4.25,7.40,3.35,3.61,3.76,6.31,3.50,18.00,4.00,-,"5,82,406.25"
09-Apr-2021,4.19,4.35,4.58,3.35,4.25,4.25,7.40,3.35,3.59,3.74,6.21,3.50,18.00,4.00,-,"5,81,213.45"
02-Apr-2021,4.90,4.84,5.01,3.35,4.25,4.25,7.40,3.32,3.47,3.83,6.34,3.50,18.00,4.00,-,"5,76,869.31"
26-Mar-2021,6.80,5.64,5.47,3.35,4.25,4.25,7.40,3.33,3.47,3.79,6.32,3.00,18.00,4.00,-,"5,79,284.59"
19-Mar-2021,6.62,5.68,5.38,3.35,4.25,4.25,7.40,3.29,3.52,3.84,6.37,3.00,18.00,4.00,-,"5,82,270.86"
12-Mar-2021,5.78,5.45,5.17,3.35,4.25,4.25,7.40,3.25,3.48,3.85,6.38,3.00,18.00,4.00,-,"5,82,037.41"
05-Mar-2021,5.36,5.50,5.18,3.35,4.25,4.25,7.30,3.22,3.48,3.72,6.34,3.00,18.00,4.00,-,"5,80,298.88"
26-Feb-2021,5.59,5.59,5.19,3.35,4.25,4.25,7.30,3.17,3.48,3.70,6.34,3.00,18.00,4.00,-,"5,84,554.23"
19-Feb-2021,4.21,5.77,5.39,3.35,4.25,4.25,7.30,3.18,3.52,3.71,6.24,3.00,18.00,4.00,-,"5,83,865.27"
12-Feb-2021,4.12,5.88,5.47,3.35,4.25,4.25,7.30,3.33,3.58,3.74,6.08,3.00,18.00,4.00,-,"5,83,696.51"
05-Feb-2021,3.95,5.65,5.28,3.35,4.25,4.25,7.30,3.37,3.59,3.73,6.12,3.00,18.00,4.00,-,"5,83,945.14"
29-Jan-2021,4.19,5.48,5.13,3.35,4.25,4.25,7.30,3.35,3.56,3.68,5.96,3.00,18.00,4.00,-,"5,90,185.22"
22-Jan-2021,4.44,5.37,5.07,3.35,4.25,4.25,7.30,3.32,3.54,3.63,5.95,3.00,18.00,4.00,-,"5,85,333.69"
15-Jan-2021,4.32,4.82,4.79,3.35,4.25,4.25,7.30,3.28,3.45,3.58,5.99,3.00,18.00,4.00,-,"5,84,242.33"
08-Jan-2021,3.93,4.17,4.45,3.35,4.25,4.25,7.30,3.04,3.35,3.47,5.91,3.00,18.00,4.00,-,"5,86,081.51"
01-Jan-2021,3.99,4.00,4.52,3.35,4.25,4.25,7.30,3.08,3.34,3.46,5.91,3.00,18.00,4.00,-,"5,85,323.67"
25-Dec-2020,3.84,3.75,4.35,3.35,4.25,4.25,7.30,3.11,3.35,3.46,5.91,3.00,18.00,4.00,-,"5,80,840.83"
18-Dec-2020,3.55,3.59,4.38,3.35,4.25,4.25,7.30,3.13,3.35,3.45,5.92,3.00,18.00,4.00,-,"5,81,130.65"
11-Dec-2020,3.47,3.51,4.24,3.35,4.25,4.25,7.30,3.11,3.35,3.45,5.91,3.00,18.00,4.00,-,"5,78,568.14"
04-Dec-2020,3.58,3.58,4.33,3.35,4.25,4.25,7.40,3.05,3.32,3.39,5.83,3.00,18.00,4.00,-,"5,79,345.91"
27-Nov-2020,3.36,3.52,4.23,3.35,4.25,4.25,7.40,2.93,3.26,3.39,5.84,3.00,18.00,4.00,-,"5,74,820.84"
20-Nov-2020,3.32,3.56,4.18,3.35,4.25,4.25,7.40,2.98,3.34,3.42,5.92,3.00,18.00,4.00,-,"5,75,289.66"
13-Nov-2020,3.37,3.54,4.07,3.35,4.25,4.25,7.40,3.14,3.35,3.45,5.91,3.00,18.00,4.00,-,"5,72,771.27"
06-Nov-2020,3.32,3.51,3.94,3.35,4.25,4.25,7.40,3.17,3.36,3.43,5.90,3.00,18.00,4.00,-,"5,68,494.05"
30-Oct-2020,3.24,3.46,3.89,3.35,4.25,4.25,7.40,3.20,3.36,3.45,5.91,3.00,18.00,4.00,-,"5,60,715.26"
23-Oct-2020,3.34,3.56,4.00,3.35,4.25,4.25,7.40,3.19,3.35,3.46,5.88,3.00,18.00,4.00,-,"5,60,532.12"
16-Oct-2020,3.43,3.65,3.95,3.35,4.25,4.25,7.40,3.25,3.38,3.48,5.96,3.00,18.00,4.00,-,"5,55,120.27"
09-Oct-2020,3.61,3.72,4.02,3.35,4.25,4.25,7.40,3.28,3.42,3.51,5.96,3.00,18.00,4.00,-,"5,51,505.23"
02-Oct-2020,3.68,3.82,3.98,3.35,4.25,4.25,7.40,3.36,3.58,3.73,6.02,3.00,18.00,4.00,-,"5,45,638.21"
25-Sep-2020,3.74,3.80,3.91,3.35,4.25,4.25,7.40,3.36,3.58,3.73,6.06,3.00,18.00,4.00,-,"5,42,020.66"
18-Sep-2020,3.85,3.96,4.04,3.35,4.25,4.25,7.40,3.32,3.55,3.69,6.03,3.00,18.00,4.00,-,"5,45,037.75"
11-Sep-2020,3.76,3.95,4.04,3.35,4.25,4.25,7.40,3.23,3.52,3.63,6.06,3.00,18.00,4.00,-,"5,41,659.59"
04-Sep-2020,3.68,3.76,3.83,3.35,4.25,4.25,7.40,3.19,3.46,3.57,5.95,3.00,18.00,4.00,-,"5,42,013.02"
28-Aug-2020,3.76,3.90,4.01,3.35,4.25,4.25,7.40,3.24,3.49,3.59,6.15,3.00,18.00,4.00,-,"5,41,431.11"
21-Aug-2020,3.77,3.93,4.07,3.35,4.25,4.25,7.40,3.15,3.43,3.54,6.09,3.00,18.00,4.00,-,"5,37,547.75"
14-Aug-2020,3.61,3.77,3.84,3.35,4.25,4.25,7.40,3.27,3.41,3.54,5.96,3.00,18.00,4.00,-,"5,35,252.06"
07-Aug-2020,3.52,3.68,3.71,3.35,4.25,4.25,7.40,3.28,3.38,3.50,5.85,3.00,18.00,4.00,-,"5,38,191.26"
31-Jul-2020,3.61,3.74,3.80,3.35,4.25,4.25,7.40,3.30,3.39,3.52,5.78,3.00,18.00,4.00,-,"5,34,567.86"
24-Jul-2020,3.69,3.77,3.79,3.35,4.25,4.25,7.40,3.25,3.36,3.52,5.83,3.00,18.00,4.00,-,"5,22,630.18"
17-Jul-2020,3.75,3.73,3.75,3.35,4.25,4.25,7.40,3.22,3.36,3.40,5.82,3.00,18.00,4.00,-,"5,17,636.89"
10-Jul-2020,3.83,3.77,3.83,3.35,4.25,4.25,7.40,3.18,3.35,3.39,5.78,3.00,18.00,4.00,-,"5,16,362.15"
03-Jul-2020,3.53,3.56,3.72,3.35,4.25,4.25,7.40,3.14,3.40,3.45,5.86,3.00,18.00,4.00,-,"5,13,253.86"
26-Jun-2020,3.66,3.66,3.82,3.35,4.25,4.25,7.40,3.19,3.42,3.54,5.93,3.00,18.00,4.00,-,"5,06,837.56"
19-Jun-2020,3.39,3.54,3.70,3.35,4.25,4.25,7.40,3.29,3.48,3.56,5.86,3.00,18.00,4.00,-,"5,05,565.78"
12-Jun-2020,3.32,3.55,3.69,3.35,4.25,4.25,7.40,3.41,3.51,3.58,5.81,3.00,18.00,4.00,-,"5,07,644.16"
05-Jun-2020,3.34,3.50,3.64,3.35,4.25,4.25,8.15,3.35,3.45,3.55,5.83,3.00,18.00,4.00,-,"5,01,702.52"
29-May-2020,3.49,3.60,3.73,3.35,4.25,4.25,8.15,3.19,3.40,3.41,5.79,3.00,18.00,4.00,-,"4,93,479.63"
22-May-2020,3.80,3.64,3.72,3.35,4.25,4.25,8.15,3.28,3.75,3.79,5.75,3.00,18.00,4.00,-,"4,90,043.61"
15-May-2020,3.81,3.81,3.88,3.75,4.65,4.65,8.15,3.48,3.79,3.84,5.76,3.00,18.00,4.40,-,"4,87,038.91"
08-May-2020,3.98,3.95,4.00,3.75,4.65,4.65,8.15,3.52,3.55,3.58,5.73,3.00,18.00,4.40,-,"4,85,312.53"
01-May-2020,3.91,3.89,3.93,3.75,4.65,4.65,8.15,3.64,3.66,3.70,6.55,3.00,18.00,4.40,-,"4,81,077.57"
24-Apr-2020,3.93,3.85,3.93,3.75,4.65,4.65,8.15,3.73,3.66,3.74,6.54,3.00,18.00,4.40,-,"4,79,455.28"
17-Apr-2020,4.15,4.13,4.13,3.75,4.65,4.65,8.15,4.15,4.32,4.38,6.70,3.00,18.00,4.40,-,"4,79,567.95"
10-Apr-2020,4.79,4.68,4.51,4.00,4.65,4.65,8.15,4.30,4.58,4.63,6.98,3.00,18.25,4.40,-,"4,76,475.10"
03-Apr-2020,4.98,4.62,4.46,4.00,4.65,4.65,8.15,4.36,4.97,4.94,6.84,3.00,18.25,4.40,-,"4,74,659.87"
27-Mar-2020,8.98,5.93,5.05,4.00,4.65,4.65,8.15,5.28,5.99,5.60,6.73,4.00,18.25,4.40,-,"4,75,561.39"
20-Mar-2020,5.84,4.83,4.56,4.90,5.40,5.40,8.15,4.83,5.13,5.18,6.77,4.00,18.25,5.15,-,"4,69,908.69"
13-Mar-2020,4.86,4.21,4.02,4.90,5.40,5.40,8.15,4.87,5.02,4.96,6.76,4.00,18.25,5.15,-,"4,81,891.66"
06-Mar-2020,5.05,4.29,4.10,4.90,5.40,5.40,8.45,4.95,5.04,5.04,6.55,4.00,18.25,5.15,-,"4,87,237.40"
28-Feb-2020,3.82,3.93,3.91,4.90,5.40,5.40,8.45,5.08,5.18,5.16,6.65,4.00,18.25,5.15,-,"4,81,540.31"
21-Feb-2020,3.35,3.74,3.77,4.90,5.40,5.40,8.45,5.06,5.17,5.20,6.67,4.00,18.25,5.15,-,"4,76,121.73"
14-Feb-2020,3.19,3.64,3.68,4.90,5.40,5.40,8.45,5.09,5.20,5.24,6.62,4.00,18.25,5.15,-,"4,76,092.30"
07-Feb-2020,3.20,3.82,3.85,4.90,5.40,5.40,8.45,5.12,5.24,5.32,6.70,4.00,18.25,5.15,-,"4,73,001.07"
31-Jan-2020,3.52,4.25,4.21,4.90,5.40,5.40,8.45,5.13,5.24,5.29,6.86,4.00,18.25,5.15,-,"4,71,299.58"
24-Jan-2020,3.79,4.15,4.13,4.90,5.40,5.40,8.45,5.12,5.23,5.29,6.82,4.00,18.25,5.15,-,"4,66,692.52"
17-Jan-2020,4.05,4.16,4.22,4.90,5.40,5.40,8.45,5.14,5.23,5.30,6.86,4.00,18.25,5.15,-,"4,62,157.38"
10-Jan-2020,3.71,4.11,4.20,4.90,5.40,5.40,8.45,5.05,5.21,5.29,6.84,4.00,18.25,5.15,-,"4,61,214.35"
03-Jan-2020,3.68,3.93,4.27,4.90,5.40,5.40,8.45,4.94,5.22,5.30,6.73,4.00,18.50,5.15,-,"4,61,156.77"
27-Dec-2019,3.96,3.90,4.38,4.90,5.40,5.40,8.45,5.03,5.22,5.30,6.74,4.00,18.50,5.15,-,"4,57,467.69"
20-Dec-2019,3.88,3.82,4.33,4.90,5.40,5.40,8.45,5.01,5.19,5.27,6.81,4.00,18.50,5.15,-,"4,54,948.05"
13-Dec-2019,3.65,3.73,4.30,4.90,5.40,5.40,8.95,5.00,5.19,5.25,6.99,4.00,18.50,5.15,-,"4,54,491.79"
06-Dec-2019,3.53,3.53,3.95,4.90,5.40,5.40,8.95,4.89,5.07,5.10,6.86,4.00,18.50,5.15,-,"4,53,421.79"
29-Nov-2019,3.35,3.35,3.76,4.90,5.40,5.40,8.95,4.99,5.12,5.14,6.65,4.00,18.50,5.15,-,"4,51,079.71"
22-Nov-2019,3.26,3.34,3.76,4.90,5.40,5.40,8.95,5.02,5.13,5.17,6.66,4.00,18.50,5.15,-,"4,48,596.03"
15-Nov-2019,3.26,3.51,3.93,4.90,5.40,5.40,8.95,5.05,5.16,5.23,6.66,4.00,18.50,5.15,-,"4,48,249.39"
08-Nov-2019,3.03,3.42,3.93,4.90,5.40,5.40,8.95,5.03,5.14,5.24,6.67,4.00,18.50,5.15,-,"4,47,808.27"
01-Nov-2019,3.39,3.70,4.13,4.90,5.40,5.40,8.95,5.04,5.21,5.30,6.54,4.00,18.50,5.15,-,"4,46,098.39"
25-Oct-2019,3.38,3.61,3.99,4.90,5.40,5.40,8.95,5.08,5.21,5.32,6.58,4.00,18.50,5.15,-,"4,42,583.08"
18-Oct-2019,3.79,3.71,4.05,4.90,5.40,5.40,8.95,5.12,5.25,5.37,6.57,4.00,18.50,5.15,-,"4,40,751.03"
11-Oct-2019,3.72,3.80,4.08,4.90,5.40,5.40,8.95,5.20,5.33,5.41,6.54,4.00,18.75,5.15,-,"4,39,711.96"
04-Oct-2019,4.40,3.87,4.18,4.90,5.40,5.40,8.95,5.32,5.44,5.53,6.47,4.00,18.75,5.15,-,"4,37,832.80"
27-Sep-2019,3.98,3.95,4.23,5.15,5.65,5.65,8.95,5.41,5.50,5.60,6.85,4.00,18.75,5.40,-,"4,33,593.66"
20-Sep-2019,4.40,4.17,4.38,5.15,5.65,5.65,8.95,5.28,5.46,5.60,6.91,4.00,18.75,5.40,-,"4,28,571.59"
13-Sep-2019,4.57,4.43,4.48,5.15,5.65,5.65,8.95,5.32,5.54,5.65,6.77,4.00,18.75,5.40,-,"4,28,959.61"
06-Sep-2019,4.18,4.24,4.28,5.15,5.65,5.65,8.95,5.37,5.61,5.69,6.73,4.00,18.75,5.40,-,"4,29,608.36"
30-Aug-2019,3.85,4.18,4.24,5.15,5.65,5.65,8.95,5.41,5.63,5.72,6.70,4.00,18.75,5.40,-,"4,28,604.33"
23-Aug-2019,4.02,4.24,4.22,5.15,5.65,5.65,8.95,5.45,5.63,5.74,6.57,4.00,18.75,5.40,-,"4,29,050.71"
16-Aug-2019,3.70,3.90,3.96,5.15,5.65,5.65,8.95,5.49,5.65,5.77,6.69,4.00,18.75,5.40,-,"4,30,501.30"
09-Aug-2019,3.74,3.86,3.94,5.15,5.65,5.65,8.95,5.45,5.69,5.85,6.64,4.00,18.75,5.40,-,"4,30,571.99"
02-Aug-2019,3.98,4.09,4.18,5.50,6.00,6.00,8.95,5.65,5.88,5.94,6.50,4.00,18.75,5.75,-,"4,28,952.05"
26-Jul-2019,4.00,4.09,4.31,5.50,6.00,6.00,8.95,5.74,5.95,5.98,6.62,4.00,18.75,5.75,-,"4,29,649.28"
19-Jul-2019,4.01,4.15,4.33,5.50,6.00,6.00,8.95,5.74,5.93,5.98,6.45,4.00,18.75,5.75,-,"4,30,376.38"
12-Jul-2019,4.02,4.19,4.43,5.50,6.00,6.00,8.95,5.86,6.03,6.06,6.56,4.00,18.75,5.75,-,"4,28,797.60"
05-Jul-2019,4.36,4.60,4.71,5.50,6.00,6.00,8.95,5.98,6.12,6.13,6.76,4.00,19.00,5.75,-,"4,29,911.40"
28-Jun-2019,4.61,4.64,4.70,5.50,6.00,6.00,8.95,6.03,6.16,6.16,6.93,4.00,19.00,5.75,-,"4,27,678.80"
21-Jun-2019,4.91,4.71,4.62,5.50,6.00,6.00,8.95,5.98,6.10,6.13,6.91,4.00,19.00,5.75,-,"4,26,416.00"
14-Jun-2019,4.31,4.43,4.38,5.50,6.00,6.00,8.95,5.94,6.12,6.13,6.99,4.00,19.00,5.75,-,"4,22,200.10"
07-Jun-2019,3.98,4.07,4.13,5.50,6.00,6.00,8.95,6.07,6.18,6.19,7.04,4.00,19.00,5.75,-,"4,23,553.90"
31-May-2019,3.95,3.95,3.93,5.75,6.25,6.25,8.95,6.19,6.27,6.30,7.07,4.00,19.00,6.00,-,"4,21,867.80"
24-May-2019,4.14,4.19,4.17,5.75,6.25,6.25,8.95,6.36,6.39,6.41,7.27,4.00,19.00,6.00,-,"4,19,992.10"
17-May-2019,4.62,4.45,4.39,5.75,6.25,6.25,8.95,6.40,6.46,6.47,7.41,4.00,19.00,6.00,-,"4,17,998.20"
10-May-2019,4.63,4.40,4.26,5.75,6.25,6.25,8.95,6.48,6.50,6.54,7.46,4.00,19.00,6.00,-,"4,20,055.30"
03-May-2019,4.85,4.62,4.45,5.75,6.25,6.25,8.95,6.44,6.50,6.51,7.43,4.00,19.00,6.00,-,"4,18,687.20"
26-Apr-2019,4.83,4.51,4.28,5.75,6.25,6.25,8.95,6.40,6.48,6.50,7.44,4.00,19.00,6.00,-,"4,18,515.30"
19-Apr-2019,5.01,4.58,4.28,5.75,6.25,6.25,8.95,6.31,6.42,6.45,7.45,4.00,19.00,6.00,-,"4,14,147.20"
12-Apr-2019,5.37,4.88,4.53,5.75,6.25,6.25,8.95,6.27,6.31,6.39,7.43,4.00,19.25,6.00,-,"4,14,886.40"
05-Apr-2019,4.86,4.51,4.16,5.75,6.25,6.25,8.95,6.23,6.29,6.31,7.37,4.00,19.25,6.00,-,"4,13,781.20"
29-Mar-2019,6.07,4.80,4.16,6.00,6.50,6.50,8.95,6.31,6.35,6.39,7.34,4.00,19.25,6.25,-,"4,11,905.00"
22-Mar-2019,4.98,4.25,3.87,6.00,6.50,6.50,8.95,6.31,6.37,6.42,7.50,4.00,19.25,6.25,-,"4,06,667.50"
15-Mar-2019,5.11,4.16,3.84,6.00,6.50,6.50,8.95,6.36,6.44,6.49,7.50,4.00,19.25,6.25,-,"4,05,638.40"
08-Mar-2019,4.79,4.51,4.21,6.00,6.50,6.50,8.95,6.40,6.46,6.51,7.36,4.00,19.25,6.25,-,"4,02,035.50"
01-Mar-2019,5.16,4.57,4.26,6.00,6.50,6.50,8.95,6.40,6.48,6.55,7.37,4.00,19.25,6.25,-,"4,01,776.70"
22-Feb-2019,4.13,4.38,4.16,6.00,6.50,6.50,8.95,6.40,6.46,6.53,7.42,4.00,19.25,6.25,-,"3,99,217.20"
15-Feb-2019,4.21,4.32,4.18,6.00,6.50,6.50,8.95,6.40,6.42,6.51,7.58,4.00,19.25,6.25,-,"3,98,272.50"
08-Feb-2019,3.70,4.15,4.07,6.00,6.50,6.50,8.95,6.56,6.67,6.78,7.34,4.00,19.25,6.25,-,"3,98,122.30"
01-Feb-2019,3.80,4.22,4.08,6.25,6.75,6.75,8.95,6.56,6.69,6.78,7.38,4.00,19.25,6.50,-,"4,00,241.60"
25-Jan-2019,4.05,4.22,4.11,6.25,6.75,6.75,8.95,6.60,6.74,6.82,7.35,4.00,19.25,6.50,-,"3,98,178.40"
18-Jan-2019,4.22,4.19,4.13,6.25,6.75,6.75,8.95,6.65,6.74,6.83,7.32,4.00,19.25,6.50,-,"3,96,680.50"
11-Jan-2019,4.09,4.06,4.06,6.25,6.75,6.75,8.95,6.65,6.78,6.88,7.27,4.00,19.25,6.50,-,"3,97,351.50"
04-Jan-2019,4.12,4.06,4.09,6.25,6.75,6.75,8.95,6.65,6.80,6.91,7.45,4.00,19.50,6.50,-,"3,96,084.60"
28-Dec-2018,4.37,3.97,4.09,6.25,6.75,6.75,8.95,6.65,6.84,6.94,7.41,4.00,19.50,6.50,-,"3,93,404.30"
21-Dec-2018,4.45,3.94,4.11,6.25,6.75,6.75,8.95,6.60,6.87,6.97,7.26,4.00,19.50,6.50,-,"3,93,287.90"
14-Dec-2018,4.18,3.90,4.04,6.25,6.75,6.75,8.95,6.69,6.95,7.04,7.41,4.00,19.50,6.50,-,"3,93,120.70"
07-Dec-2018,4.08,3.94,4.11,6.25,6.75,6.75,8.95,6.73,7.02,7.15,7.41,4.00,19.50,6.50,-,"3,93,734.60"
30-Nov-2018,4.31,4.02,4.13,6.25,6.75,6.75,8.95,6.77,7.06,7.22,7.64,4.00,19.50,6.50,-,"3,93,718.00"
23-Nov-2018,4.38,4.05,4.13,6.25,6.75,6.75,8.95,6.81,7.10,7.27,7.77,4.00,19.50,6.50,-,"3,92,785.20"
16-Nov-2018,4.26,4.01,4.12,6.25,6.75,6.75,8.85,6.90,7.17,7.33,7.85,4.00,19.50,6.50,-,"3,93,580.20"
09-Nov-2018,4.12,4.01,4.07,6.25,6.75,6.75,8.85,6.94,7.23,7.42,7.81,4.00,19.50,6.50,-,"3,93,011.30"
02-Nov-2018,4.28,4.17,4.18,6.25,6.75,6.75,8.85,6.94,7.23,7.48,7.84,4.00,19.50,6.50,-,"3,93,132.50"
26-Oct-2018,4.58,4.36,4.33,6.25,6.75,6.75,8.85,6.94,7.21,7.47,7.84,4.00,19.50,6.50,-,"3,92,078.70"
19-Oct-2018,5.23,4.49,4.36,6.25,6.75,6.75,8.85,6.94,7.23,7.50,7.88,4.00,19.50,6.50,-,"3,93,523.50"
12-Oct-2018,4.88,4.55,4.39,6.25,6.75,6.75,8.85,6.94,7.30,7.58,7.96,4.00,19.50,6.50,-,"3,94,465.50"
05-Oct-2018,4.73,4.59,4.40,6.25,6.75,6.75,8.85,7.14,7.45,7.77,8.02,4.00,19.50,6.50,-,"3,99,609.30"
28-Sep-2018,4.96,4.58,4.36,6.25,6.75,6.75,8.85,7.19,7.42,7.73,8.00,4.00,19.50,6.50,-,"4,00,525.10"
21-Sep-2018,4.68,4.68,4.45,6.25,6.75,6.75,8.85,7.06,7.34,7.66,8.03,4.00,19.50,6.50,-,"4,01,790.30"
14-Sep-2018,4.85,4.65,4.48,6.25,6.75,6.75,8.85,6.98,7.27,7.68,8.07,4.00,19.50,6.50,-,"4,00,489.60"
07-Sep-2018,4.51,4.42,4.27,6.25,6.75,6.75,8.85,6.85,7.12,7.52,7.98,4.00,19.50,6.50,-,"3,99,282.40"
31-Aug-2018,4.40,4.34,4.22,6.25,6.75,6.75,8.75,6.81,7.02,7.33,7.95,4.00,19.50,6.50,-,"4,00,101.90"
24-Aug-2018,4.62,4.45,4.38,6.25,6.75,6.75,8.75,6.81,7.02,7.32,7.86,4.00,19.50,6.50,-,"4,01,293.30"
17-Aug-2018,4.44,4.56,4.27,6.25,6.75,6.75,8.75,6.77,6.99,7.30,7.85,4.00,19.50,6.50,-,"4,00,847.90"
10-Aug-2018,4.52,4.35,4.35,6.25,6.75,6.75,8.75,6.69,6.97,7.28,7.74,4.00,19.50,6.50,-,"4,00,881.10"
03-Aug-2018,4.54,4.54,4.42,6.25,6.75,6.75,8.75,6.73,6.95,7.27,7.73,4.00,19.50,6.50,-,"4,02,703.40"
27-Jul-2018,4.37,4.37,4.40,6.00,6.50,6.50,8.75,6.69,6.97,7.27,7.75,4.00,19.50,6.25,-,"4,04,192.50"
20-Jul-2018,4.18,4.30,4.30,6.00,6.50,6.50,8.75,6.52,6.93,7.21,7.78,4.00,19.50,6.25,-,"4,05,143.40"
13-Jul-2018,4.74,4.39,4.36,6.00,6.50,6.50,8.75,6.52,6.93,7.20,7.80,4.00,19.50,6.25,-,"4,05,075.70"
06-Jul-2018,4.36,4.38,4.38,6.00,6.50,6.50,8.75,6.48,6.91,7.17,7.87,4.00,19.50,6.25,-,"4,05,810.20"
29-Jun-2018,4.46,4.37,4.39,6.00,6.50,6.50,8.70,6.52,6.89,7.13,7.98,4.00,19.50,6.25,-,"4,06,058.40"
22-Jun-2018,4.07,4.28,4.31,6.00,6.50,6.50,8.70,6.48,6.89,7.10,7.92,4.00,19.50,6.25,-,"4,07,815.60"
15-Jun-2018,4.15,4.24,4.30,6.00,6.50,6.50,8.70,6.52,6.89,7.09,7.89,4.00,19.50,6.25,-,"4,10,070.10"
08-Jun-2018,4.09,4.24,4.27,6.00,6.50,6.50,8.70,6.52,6.82,6.99,7.95,4.00,19.50,6.25,-,"4,13,109.90"
01-Jun-2018,4.11,4.17,4.15,5.75,6.25,6.25,8.70,6.40,6.80,6.93,7.94,4.00,19.50,6.00,-,"4,12,230.40"
25-May-2018,4.13,4.01,4.04,5.75,6.25,6.25,8.70,6.40,6.80,6.95,7.95,4.00,19.50,6.00,-,"4,12,824.10"
18-May-2018,4.06,3.97,4.05,5.75,6.25,6.25,8.70,6.31,6.63,6.84,7.89,4.00,19.50,6.00,-,"4,15,053.80"
11-May-2018,4.28,4.11,4.08,5.75,6.25,6.25,8.70,6.27,6.48,6.67,7.79,4.00,19.50,6.00,-,"4,17,702.70"
04-May-2018,4.13,3.95,3.95,5.75,6.25,6.25,8.70,6.23,6.42,6.62,7.76,4.00,19.50,6.00,-,"4,18,940.00"
27-Apr-2018,4.22,3.89,3.97,5.75,6.25,6.25,8.70,6.19,6.42,6.63,7.80,4.00,19.50,6.00,-,"4,20,366.30"
20-Apr-2018,4.18,4.15,4.12,5.75,6.25,6.25,8.70,6.11,6.31,6.51,7.73,4.00,19.50,6.00,-,"4,23,582.80"
13-Apr-2018,4.23,4.05,3.97,5.75,6.25,6.25,8.70,6.11,6.31,6.49,7.46,4.00,19.50,6.00,-,"4,26,082.40"
06-Apr-2018,4.34,4.15,4.06,5.75,6.25,6.25,8.70,6.11,6.31,6.49,7.20,4.00,19.50,6.00,-,"4,24,864.70"
30-Mar-2018,4.61,4.37,4.21,5.75,6.25,6.25,8.65,6.11,6.33,6.49,7.42,4.00,19.50,6.00,-,"4,24,361.10"
23-Mar-2018,5.71,4.58,4.15,5.75,6.25,6.25,8.65,6.15,6.33,6.54,7.59,4.00,19.50,6.00,-,"4,22,532.50"
16-Mar-2018,5.36,4.69,4.30,5.75,6.25,6.25,8.65,6.23,6.44,6.59,7.58,4.00,19.50,6.00,-,"4,21,334.90"
09-Mar-2018,5.07,4.55,4.19,5.75,6.25,6.25,8.65,6.31,6.50,6.66,7.69,4.00,19.50,6.00,-,"4,21,487.30"
02-Mar-2018,4.69,4.32,3.99,5.75,6.25,6.25,8.65,6.36,6.50,6.66,7.76,4.00,19.50,6.00,-,"4,20,758.40"
23-Feb-2018,4.26,4.50,4.13,5.75,6.25,6.25,8.65,6.36,6.48,6.64,7.64,4.00,19.50,6.00,-,"4,20,590.60"
16-Feb-2018,4.32,4.76,4.52,5.75,6.25,6.25,8.65,6.36,6.48,6.58,7.56,4.00,19.50,6.00,-,"4,21,720.70"
09-Feb-2018,4.47,4.85,4.60,5.75,6.25,6.25,8.65,6.40,6.50,6.58,7.54,4.00,19.50,6.00,-,"4,19,760.30"
02-Feb-2018,4.40,4.93,4.65,5.75,6.25,6.25,8.65,6.40,6.50,6.58,7.54,4.00,19.50,6.00,-,"4,21,914.90"
26-Jan-2018,4.16,4.57,4.50,5.75,6.25,6.25,8.65,6.40,6.46,6.55,7.27,4.00,19.50,6.00,-,"4,17,789.20"
19-Jan-2018,4.33,4.61,4.47,5.75,6.25,6.25,8.65,6.36,6.44,6.55,7.26,4.00,19.50,6.00,-,"4,14,784.50"
12-Jan-2018,4.34,4.60,4.50,5.75,6.25,6.25,8.65,6.31,6.39,6.53,7.26,4.00,19.50,6.00,-,"4,13,825.40"
05-Jan-2018,4.17,4.42,4.46,5.75,6.25,6.25,8.65,6.27,6.35,6.49,7.08,4.00,19.50,6.00,-,"4,11,124.90"
29-Dec-2017,4.32,4.44,4.47,5.75,6.25,6.25,8.85,6.19,6.33,6.42,7.49,4.00,19.50,6.00,-,"4,09,366.60"
22-Dec-2017,3.84,4.00,4.31,5.75,6.25,6.25,8.85,6.19,6.33,6.40,7.45,4.00,19.50,6.00,-,"4,04,921.80"
15-Dec-2017,3.84,4.09,4.46,5.75,6.25,6.25,8.85,6.15,6.31,6.36,7.29,4.00,19.50,6.00,-,"4,01,385.80"
08-Dec-2017,3.72,3.94,4.39,5.75,6.25,6.25,8.85,6.15,6.27,6.25,7.27,4.00,19.50,6.00,-,"4,00,897.60"
01-Dec-2017,4.28,4.10,4.52,5.75,6.25,6.25,8.85,6.15,6.25,6.28,7.25,4.00,19.50,6.00,-,"4,01,942.00"
24-Nov-2017,4.26,4.08,4.39,5.75,6.25,6.25,8.95,6.11,6.20,6.29,7.21,4.00,19.50,6.00,-,"4,00,741.80"
17-Nov-2017,4.44,4.38,4.53,5.75,6.25,6.25,8.95,6.11,6.18,6.29,7.22,4.00,19.50,6.00,-,"3,99,533.70"
10-Nov-2017,4.43,4.46,4.55,5.75,6.25,6.25,8.95,6.11,6.18,6.25,7.12,4.00,19.50,6.00,-,"3,99,293.30"
03-Nov-2017,4.46,4.46,4.52,5.75,6.25,6.25,8.95,6.11,6.18,6.25,7.12,4.00,19.50,6.00,-,"3,98,739.10"
27-Oct-2017,4.52,4.36,4.36,5.75,6.25,6.25,8.95,6.11,6.18,6.22,7.00,4.00,19.50,6.00,-,"3,98,761.30"
20-Oct-2017,4.61,4.30,4.36,5.75,6.25,6.25,8.95,6.11,6.18,6.22,6.95,4.00,19.50,6.00,-,"3,99,921.00"
13-Oct-2017,4.62,4.31,4.33,5.75,6.25,6.25,8.95,6.07,6.18,6.22,6.91,4.00,20.00,6.00,-,"4,00,296.80"
