 Reporting Date,ALL INDIA HOUSE PRICE INDEX (Base-Year : Q1:2010-11),BoP - CURRENT ACCOUNT BALANCE INR,BoP - CURRENT ACCOUNT CREDIT INR,BoP - CURRENT ACCOUNT CREDIT USD,BoP - CURRENT ACCOUNT DEBIT INR,BoP - CURRENT ACCOUNT DEBIT USD,BoP - DIRECT FOREIGN INVESTMENT ABROAD NET INR,BoP - DIRECT FOREIGN INVESTMENT ABROAD NET USD,BoP - DIRECT FOREIGN INVESTMENT - INDIA NET INR,BoP - DIRECT FOREIGN INVESTMENT - INDIA NET USD,BoP - ERRORS AND OMMISSIONS - NET INR,BoP - ERRORS AND OMMISSIONS - NET USD,BoP - FOREIGN DIRECT INVESTMENT (INDIA+ABROAD) - NET INR,BoP - FOREIGN DIRECT INVESTMENT (INDIA+ABROAD) - NET USD,BoP - INCOME - NET INR,BoP - MERCHANDISE - CREDIT INR,BoP - MERCHANDISE - DEBIT INR,BoP - MERCHANDISE - NET INR,BoP - MONETARY MOVEMENTS - NET INR,BoP - MONETARY MOVEMENTS - NET USD,BoP - OTHER INVESTMENT (LOANS+BANKING CAPITAL+RUPEE DEBT SERVICE+OTHER CAPITAL) - NET INR,BoP - OTHER INVESTMENT (LOANS+BANKING CAPITAL+RUPEE DEBT SERVICE+OTHER CAPITAL) - NET USD,BoP - PORTFOLIO FOREIGN INVESTMENT ABROAD NET INR,BoP - PORTFOLIO FOREIGN INVESTMENT ABROAD NET USD,BoP - PORTFOLIO INVESTMENT IN INDIA - NET INR,BoP - PORTFOLIO INVESTMENT IN INDIA - NET USD,BoP - PORTFOLIO INVESTMENT - NET INR,BoP - PORTFOLIO INVESTMENT - NET USD,"BoP - SERVICES, GOVERNMENT SERVICES NOT INCLUDED ELSEWHERE , NET INR","BoP - SERVICES, GOVERNMENT SERVICES NOT INCLUDED ELSEWHERE , NET USD","BoP - SERVICES INSURANCE, NET INR","BoP - SERVICES INSURANCE, NET USD",BoP - SERVICES - NET INR,"BoP - SERVICES TRAVEL, NET INR","BoP - SERVICES TRAVEL,NET USD",BoP - TOTAL CAPITAL ACCOUNT NET INR,BoP - TOTAL CAPITAL ACCOUNT NET USD,"BoP - TRANSFER OFFICIAL,CREDIT INR","BoP - TRANSFER OFFICIAL,CREDIT USD","BoP - TRANSFER OFFICIAL,DEBIT INR","BoP - TRANSFER OFFICIAL,DEBIT USD","BoP - TRANSFER PRIVATE,CREDIT INR","BoP - TRANSFER PRIVATE,CREDIT USD","BoP - TRANSFER PRIVATE,DEBIT INR","BoP - TRANSFER PRIVATE,DEBIT USD",BoP - TRANSFERS - NET INR,CHANGE IN STOCKS CONSTANT,CHANGE IN STOCKS CURRENT,EXPORTS CONSTANT,EXPORTS CURRENT,GDP AT MARKET PRICES CONSTANT,GDP AT MARKET PRICES CURRENT,GOVERNMENT FINAL CONSUMPTION EXPENDITURE CONSTANT,GOVERNMENT FINAL CONSUMPTION EXPENDITURE CURRENT,GROSS FIXED CAPITAL FORMATION CONSTANT,GROSS FIXED CAPITAL FORMATION CURRENT,LESS IMPORTS CONSTANT,LESS IMPORTS CURRENT,PRIVATE FINAL CONSUMPTION EXPENDITURE CONSTANT,PRIVATE FINAL CONSUMPTION EXPENDITURE CURRENT
,Units,? Crore,? Crore,$ Millions,? Crore,$ Millions,? Crore,$ Millions,? Crore,$ Millions,? Crore,$ Millions,? Crore,$ Millions,? Crore,? Crore,? Crore,? Crore,? Crore,$ Millions,? Crore,$ Millions,? Crore,$ Millions,? Crore,$ Millions,? Crore,$ Millions,? Crore,$ Millions,$ Millions,$ Millions,? Crore,? Crore,$ Millions,? Crore,$ Millions,? Crore,$ Millions,? Crore,$ Millions,? Crore,$ Millions,? Crore,$ Millions,? Crore,? Crore,? Crore,? Crore,? Crore,? Crore,? Crore,? Crore,? Crore,? Crore,? Crore,? Crore,? Crore,? Crore,? Crore
2025-Q3,,"-1,07,491.42","23,29,098.08","2,66,735.82","24,36,589.49","2,79,046.08","-73,704.82","-8,440.91","98,816.36","11,316.77","7,141.64",817.88,"25,111.54","2,875.85","-1,06,465.91","9,55,234.57","17,18,776.22","-7,63,541.65","95,325.81","10,917.02","30,093.78","3,446.44","-2,432.26",-278.55,"-47,749.09","-5,468.38","-50,181.35","-5,746.93","-1,326.19",-151.88,"2,092.81",239.68,"4,44,345.16","-23,093.29","-2,644.72","5,023.97",575.36,304.32,34.85,"1,964.13",224.94,"3,40,593.13","39,005.82","20,762.34","2,377.77","3,18,170.98","83,646.22","1,28,548.37","10,46,884.15","18,37,597.28","48,63,340.17","85,25,069.52","3,92,730.49","7,72,710.96","16,71,729.14","26,00,965.63","13,15,253.22","21,38,230.44","27,18,452.89","53,29,149.86"
2025-Q2,,"-23,447.44","21,92,957.01","2,56,331.97","22,16,404.45","2,59,072.71","-1,48,564.72","-8,939.76","2,39,012.40","13,806.97","-13,365.50",-739.33,"41,639.65","4,867.21","-2,19,193.94","9,64,002.06","15,53,340.96","-11,75,061.58","-77,125.42","-4,507.55","12,936.79","1,512.17","-14,927.94",-872.45,"42,445.51","2,480.70","27,517.57","1,608.25","-1,612.47",-188.48,"5,341.79",311.21,"8,19,781.96","-55,266.38","-3,230.01","1,34,213.55","7,987.62",172.38,20.15,"1,857.93",217.17,"2,91,114.48","34,028.00","24,053.47","2,811.58","5,30,750.93","80,896.58","1,24,662.64","9,74,178.53","17,95,658.84","47,88,623.36","86,05,364.53","4,49,511.12","8,69,747.78","16,55,345.61","26,19,478.97","12,16,001.55","19,57,809.41","27,16,722.63","51,86,656.67"
2025-Q1,326.23,"1,18,068.95","22,97,101.20","2,65,092.80","21,79,032.25","2,51,467.26","-1,67,865.76","-9,686.12","1,74,215.30","10,052.50","14,664.52",780.05,"3,174.77",366.38,"-2,05,892.08","10,09,070.92","15,23,044.04","-10,29,367.91","-1,52,310.91","-8,788.58","-1,080.95",-124.74,"2,356.94",136.00,"-1,03,890.22","-5,994.63","-1,01,533.27","-5,858.63","-1,428.82",-164.89,"2,149.30",124.42,"9,23,909.15","20,144.35","1,162.36","-96,976.00","-5,617.00",272.96,31.50,"3,259.37",376.14,"3,00,561.17","34,685.72","24,588.14","2,837.55","5,45,973.24","89,700.79","1,40,985.26","11,14,167.20","18,85,715.54","51,35,163.11","88,17,534.15","5,08,418.53","9,83,119.32","17,41,150.12","27,29,725.34","9,22,787.57","19,26,170.15","27,20,039.37","51,38,860.41"
2024-Q4,323.26,"-95,764.09","22,10,540.73","2,61,726.24","23,06,304.83","2,73,064.63","-1,07,635.06","-6,314.72","60,450.87","3,504.52","7,337.49",298.08,"-23,734.94","-2,810.20","-2,79,918.89","9,27,514.29","15,97,355.33","-13,38,367.73","6,36,161.33","37,660.49","-1,05,050.92","-12,437.94","1,057.61",62.61,"-1,93,154.13","-11,434.65","-1,92,096.52","-11,372.04","-1,176.53",-139.30,-412.40,-24.41,"8,65,041.46","28,676.04","1,697.61","-4,50,771.89","-26,620.18",752.99,89.15,"2,816.98",333.53,"3,03,985.33","35,991.62","21,662.22","2,564.79","5,60,518.24","75,228.31","1,17,472.21","10,46,234.32","17,96,473.84","47,26,541.83","85,02,371.93","3,77,374.24","7,43,435.59","14,99,134.33","23,33,282.34","10,43,395.03","20,18,480.79","28,43,368.36","55,34,614.16"
2024-Q3,322.00,"-1,74,756.46","20,58,961.63","2,45,798.07","22,33,718.09","2,66,660.43","-1,27,717.47","-7,787.59","84,702.08","4,966.64","-9,962.50",-448.43,"-23,630.06","-2,820.95","-1,56,176.58","8,43,069.24","15,84,657.24","-14,47,570.32","-3,11,837.24","-18,613.51","1,91,784.72","22,895.19",586.20,34.99,"3,31,967.38","19,815.07","3,32,553.58","19,850.06","-1,414.98",-168.92,"1,833.05",99.85,"7,46,257.98","-29,011.54","-1,731.69","6,36,477.37","39,924.30",232.41,27.74,"2,601.32",310.54,"2,95,252.43","35,247.12","21,477.87","2,564.02","5,42,811.29","77,908.35","1,20,494.34","9,91,507.52","16,55,030.18","44,93,586.56","78,40,345.08","4,03,592.46","7,83,876.37","15,57,503.23","24,03,611.55","11,66,500.49","19,73,218.95","25,18,253.58","48,73,650.54"
2024-Q2,322.18,"-37,410.91","20,52,315.47","2,46,012.29","20,89,726.38","2,50,496.76","-69,877.21","-4,382.21","1,77,742.14","10,605.88","13,116.88",772.79,"51,919.85","6,223.66","-1,83,870.55","9,60,780.91","14,59,598.04","-10,44,378.18","-87,372.97","-5,225.98","14,759.69","1,769.25",794.32,47.51,"15,000.76",897.23,"15,795.08",944.74,"-1,228.74",-147.29,"5,342.03",329.31,"6,64,844.66","-30,416.32","-1,819.27","1,97,491.75","8,937.66",152.55,18.29,"2,598.98",311.54,"2,46,111.82","29,501.57","24,224.95","2,903.86","4,40,168.41","76,390.05","1,18,229.30","9,16,189.14","16,60,610.45","44,41,663.95","79,07,894.21","4,18,344.47","7,92,687.62","15,35,296.55","24,19,509.88","10,96,706.41","18,48,993.38","25,37,917.26","47,51,287.97"
2024-Q1,316.33,"37,920.59","21,05,026.86","2,53,533.95","20,67,106.27","2,48,966.71","-95,715.35","-5,764.08","1,31,021.33","8,062.81","9,805.71",643.50,"19,085.76","2,298.73","-2,46,135.52","10,09,832.50","14,41,729.13","-8,54,453.02","-5,10,678.47","-30,753.60","98,406.88","11,852.34","-3,110.87",-187.34,"1,92,277.32","11,579.15","1,89,166.45","11,391.81","-1,542.98",-185.84,"4,606.74",277.36,"7,08,802.87","31,515.01","1,897.87","4,15,773.50","25,542.87",423.37,50.99,"2,344.06",282.32,"2,66,068.12","32,045.82","25,704.97","3,095.96","4,76,884.92","85,606.81","1,28,482.58","10,72,843.77","17,46,780.32","47,82,032.47","79,60,965.70","5,17,771.67","9,68,298.45","15,91,438.93","24,79,723.90","10,56,689.21","18,12,018.01","25,67,197.99","46,30,476.33"
2023-Q4,313.55,"-86,855.17","19,65,353.48","2,36,019.85","20,52,208.65","2,46,450.31","-55,389.70","-4,409.52","1,30,099.01","8,365.99","-12,319.65",-760.53,"32,945.78","3,956.47","-1,96,236.01","8,87,883.28","14,84,480.97","-10,61,816.47","-2,50,773.00","-5,998.17","10,163.43","1,220.53",-107.87,340.84,"2,29,440.17","11,671.32","2,29,332.30","12,012.16",-816.31,-98.03,"1,020.02",-45.79,"6,63,498.58","-5,613.82","2,363.47","4,25,689.96","17,189.16",785.43,94.32,"1,912.60",229.68,"2,61,845.32","31,445.08","16,715.67","2,007.39","4,31,956.58","72,654.47","1,09,303.01","9,44,237.86","16,14,302.92","44,43,638.24","77,09,665.37","3,45,292.45","6,48,579.26","14,24,622.11","22,11,333.90","10,65,420.36","18,23,417.40","26,29,134.97","48,73,005.90"
2023-Q3,308.60,"-93,276.11","19,15,021.18","2,31,670.00","20,08,297.29","2,42,954.09","-59,791.90","-3,870.26","50,531.79","3,036.77","14,796.64",946.18,"-6,889.73",-833.49,"-1,96,666.23","8,94,848.79","14,28,394.02","-10,38,062.47","-41,638.00","-2,518.58","72,274.81","8,743.46","-5,611.73",-339.44,"87,389.30","5,285.97","81,777.57","4,946.53",-863.24,-104.43,122.42,6.88,"6,60,388.31","-19,511.77","-1,180.22","1,88,882.86","12,856.50",188.52,22.81,"2,206.49",266.93,"2,32,476.24","28,123.85","24,416.34","2,953.77","4,12,298.89","76,306.09","1,14,577.91","9,62,377.55","15,79,369.37","42,54,805.79","72,40,697.12","3,87,039.72","7,25,301.47","14,59,663.42","22,39,910.42","11,54,462.81","17,70,480.86","23,66,538.74","44,27,733.31"
2023-Q2,311.88,"-73,679.71","18,21,831.04","2,21,635.96","18,95,510.74","2,30,599.51","-56,676.62","-2,634.38","1,30,333.68","7,364.25","-10,516.89",-427.19,"38,879.17","4,729.87","-1,94,253.86","8,62,563.93","13,28,643.76","-10,62,321.45","-2,50,773.00","-24,431.59","1,09,831.69","13,361.64",-107.87,-358.41,"2,29,440.17","16,089.23","2,29,332.30","15,730.82",-745.63,-90.71,"1,017.49",170.02,"6,63,573.80","-5,613.82","-3,077.23","4,22,560.57","33,822.33",160.43,19.52,"2,094.29",254.78,"2,22,738.03","27,097.33","33,075.83","4,023.86","4,31,730.83","71,042.63","1,07,207.51","8,46,035.17","15,20,529.16","41,70,114.44","72,11,627.74","4,19,571.42","7,62,118.63","14,39,563.71","22,34,256.07","11,14,042.03","16,86,276.00","23,43,902.78","41,99,215.89"
2023-Q1,303.91,"-11,155.03","19,58,005.23","2,38,010.30","19,69,160.26","2,39,366.27","-24,386.85","-2,964.41","76,664.78","9,319.18","3,250.26",395.09,"52,277.93","6,354.78","-1,03,706.77","9,52,809.44","13,85,415.33","-4,32,605.89","-45,899.39","-5,579.42","15,216.77","1,849.71",-630.73,-76.67,"-13,059.81","-1,587.52","-13,690.54","-1,664.19","-1,339.28",-162.80,"3,037.20",369.19,"3,21,451.20","6,144.98",746.97,"53,804.15","6,540.30",193.94,23.57,"2,809.66",341.54,"2,35,498.60","28,626.63","29,176.45","3,546.62","2,03,706.43","56,309.40","84,118.09","9,96,398.99","16,51,979.41","44,13,315.80","71,05,079.90","4,85,779.51","8,72,684.68","15,00,688.67","23,29,985.52","9,48,895.66","17,59,798.39","24,16,612.74","41,58,328.85"
2022-Q4,302.04,"-1,38,368.21","18,70,235.56","2,27,508.87","20,08,603.76","2,44,340.98","-43,545.04","-5,297.13","60,233.49","7,327.23","-8,106.73",-986.16,"16,688.45","2,030.10","-1,04,196.50","8,68,107.09","14,54,536.13","-5,86,429.04","-90,991.79","-11,068.89","1,82,877.26","22,246.50",767.85,93.41,"37,133.16","4,517.14","37,901.01","4,610.55",-796.62,-96.91,-110.32,-13.42,"3,18,243.10","9,969.73","1,212.79","2,37,466.72","28,887.16",478.16,58.17,"1,907.20",232.01,"2,53,262.34","30,808.65","17,819.06","2,167.64","2,34,014.24","46,641.93","69,676.11","9,17,180.03","15,47,369.72","40,57,577.78","68,27,505.43","3,37,544.31","6,07,379.49","13,02,885.27","20,00,687.30","9,57,144.01","18,11,478.57","24,87,580.83","44,19,805.38"
2022-Q3,298.03,"-2,46,588.78","17,97,976.73","2,25,321.52","20,44,565.50","2,56,223.89","-23,045.74","-2,888.08","72,590.76","9,097.04","-7,479.81",-937.37,"49,545.02","6,208.96","-94,067.24","8,92,533.13","15,17,440.51","-6,24,907.38","2,42,411.17","30,378.84","-90,009.36","-11,279.93","-2,948.92",-369.56,"55,070.68","6,901.43","52,121.76","6,531.87",-288.03,-36.10,"1,355.18",169.83,"2,74,703.77","-14,079.05","-1,764.38","11,657.42","1,460.90",412.88,51.74,"2,145.29",268.85,"2,18,719.37","27,409.80","19,304.89","2,419.28","1,97,682.07","47,748.82","72,052.34","9,20,147.25","15,24,344.64","38,91,250.73","64,58,024.66","3,22,157.20","5,75,130.64","13,06,635.52","19,96,752.51","10,10,069.73","18,70,032.43","22,98,644.03","40,78,089.00"
2022-Q2,296.61,"-1,38,661.67","17,83,303.78","2,31,036.12","19,21,965.45","2,49,000.45","-22,153.22","-2,870.06","1,25,525.81","16,262.51","3,895.91",504.74,"1,03,372.60","13,392.45","-68,336.23","9,47,837.48","14,34,534.07","-4,86,696.59","-35,470.65","-4,595.40","1,79,789.43","23,292.64",222.13,28.78,"-1,13,147.76","-14,658.87","-1,12,925.63","-14,630.09",-282.13,-36.55,"3,124.51",404.80,"2,39,810.93","-12,297.55","-1,593.21","1,70,236.40","22,055.00",241.23,31.25,"1,712.84",221.91,"1,97,753.44","25,619.97","19,721.61","2,555.04","1,76,560.22","48,476.77","74,004.20","9,09,583.79","15,28,755.54","38,02,769.07","64,99,862.59","3,98,510.43","7,02,433.35","13,27,515.32","20,68,612.32","9,43,759.30","17,71,718.08","21,82,105.26","38,71,638.51"
2022-Q1,290.60,"-1,00,991.28","16,46,198.61","2,18,822.87","17,47,189.89","2,32,247.25","-26,157.19","-3,476.98","1,29,797.45","17,253.48","-6,715.91",-892.72,"1,03,640.25","13,776.50","-63,133.21","8,87,862.82","12,97,737.57","-4,09,874.74","1,20,545.18","16,023.61","-2,014.95",-267.84,"-6,967.76",-926.20,"-1,07,495.54","-14,288.97","-1,14,463.30","-15,215.17",-833.79,-110.83,"3,582.91",476.26,"2,13,041.65","-17,877.00","-2,376.32","-12,837.99","-1,706.51",157.64,20.96,"1,795.98",238.73,"1,78,313.04","23,702.47","17,699.68","2,352.75","1,58,975.02","43,851.90","60,399.07","9,10,763.03","14,00,492.02","41,28,570.21","65,23,590.76","4,45,830.34","7,61,158.68","14,21,436.21","20,56,022.82","9,66,775.40","15,99,008.48","23,65,983.41","39,31,733.12"
2021-Q4,293.79,"-1,66,090.23","15,40,276.84","2,05,567.30","17,06,367.07","2,27,733.91","-32,078.21","-4,281.20","66,235.27","8,839.84",991.63,132.34,"34,157.06","4,558.64","-86,451.77","8,16,170.99","12,63,864.83","-4,47,693.84","-3,487.05",-465.39,"1,78,198.44","23,782.59","-8,525.48","-1,137.82","-35,244.37","-4,703.76","-43,769.85","-5,841.58",-308.61,-41.19,"1,501.23",200.36,"2,08,369.97","-13,002.42","-1,735.32","1,68,585.64","22,499.65",991.01,132.26,"2,001.88",267.17,"1,75,301.10","23,395.91","14,604.83","1,949.18","1,59,685.41","38,512.83","51,859.44","8,47,631.52","13,06,147.26","38,70,107.78","62,68,323.17","3,29,449.02","5,59,595.72","12,20,748.58","17,21,373.40","9,30,346.22","15,46,647.83","24,29,098.43","40,46,863.39"
2021-Q3,285.08,"-72,119.97","14,39,322.86","1,94,262.48","15,11,442.82","2,03,996.36","-31,137.04","-4,202.50","95,576.51","12,899.77","9,636.26","1,300.59","64,439.47","8,697.26","-72,554.11","7,76,247.75","11,06,039.17","-3,29,791.42","-2,31,082.83","-31,188.78","2,00,398.55","27,047.38","-4,935.94",-666.19,"33,664.46","4,543.62","28,728.52","3,877.43",140.67,18.99,"1,630.63",220.08,"1,89,521.69","-13,132.42","-1,772.46","2,93,566.54","39,622.08",136.53,18.43,"1,774.34",239.48,"1,56,595.68","21,135.40","14,254.00","1,923.83","1,40,703.87","40,523.86","53,299.34","8,48,921.88","12,19,943.06","36,72,438.14","56,27,314.53","3,25,629.72","5,38,200.97","12,27,683.55","16,65,536.04","8,85,952.79","13,61,899.15","21,09,195.77","34,47,855.06"
2021-Q2,286.98,"48,385.50","13,28,608.51","1,80,111.06","12,80,223.00","1,73,551.74","-41,923.67","-5,683.33","1,27,153.69","17,237.42",-597.53,-81.00,"85,230.03","11,554.10","-55,669.33","7,18,833.12","9,45,407.17","-2,26,574.04","-2,35,093.90","-31,870.19","99,109.99","13,435.71",176.66,23.95,"2,789.25",378.12,"2,965.91",402.07,-239.08,-32.41,"2,536.12",343.81,"1,90,377.24","-9,505.33","-1,288.58","1,87,305.93","25,391.88",171.29,23.22,"1,712.23",232.12,"1,54,124.61","20,893.70","12,332.02","1,671.77","1,40,251.64","37,314.40","48,279.36","7,85,790.74","11,23,062.34","33,50,730.13","51,78,170.07","3,79,484.77","6,13,197.35","11,44,394.78","15,36,714.39","7,60,671.02","11,61,467.14","18,28,295.80","29,56,252.78"
2021-Q1,285.47,"-59,484.20","12,63,717.53","1,73,382.23","13,23,201.73","1,81,543.47","-22,388.51","-3,071.71","41,911.36","5,750.24","-5,179.88",-710.68,"19,522.85","2,678.54","-63,723.91","6,65,311.97","9,69,572.25","-3,04,260.28","-24,701.74","-3,389.08","16,779.76","2,302.19","-6,627.55",-909.30,"59,690.75","8,189.58","53,063.20","7,280.28",-600.65,-82.41,594.14,81.52,"1,71,169.93","-6,076.72",-833.73,"89,365.82","12,261.00",129.21,17.73,"2,073.73",284.52,"1,52,400.09","20,909.31","13,125.50","1,800.82","1,37,330.07","7,733.26","12,030.72","7,43,181.73","10,69,972.13","39,52,568.44","57,57,700.77","4,24,730.11","6,71,988.21","13,36,310.41","17,79,764.04","9,04,521.05","11,97,001.22","22,27,328.03","34,47,014.73"
2020-Q4,284.88,"-16,481.59","11,57,735.16","1,56,965.75","11,74,216.75","1,59,200.33","-19,278.98","-2,613.84","1,47,469.15","19,993.87","4,249.28",576.12,"1,28,190.18","17,380.03","-74,698.86","5,69,539.59","8,24,754.06","-2,55,214.47","-2,39,583.28","-32,482.71","-32,866.78","-4,456.08","-3,579.77",-485.35,"1,60,071.97","21,702.56","1,56,492.19","21,217.21",-601.24,-81.52,-16.55,-2.24,"1,71,387.57","-4,918.71",-666.88,"2,51,815.59","34,141.16",457.16,61.98,"2,198.75",298.11,"1,52,637.91","20,694.65","8,852.15","1,200.17","1,42,044.17","6,760.04","10,131.06","6,61,490.18","9,59,784.63","36,67,337.92","54,74,171.37","3,31,726.46","5,26,600.66","11,78,365.81","14,94,965.14","7,75,343.91","10,38,457.24","21,87,534.92","34,70,422.22"
2020-Q3,278.45,"1,13,434.52","11,21,621.73","1,50,791.38","10,08,187.21","1,35,541.18","-19,734.61","-2,653.13","2,01,409.56","27,077.60","2,790.97",375.22,"1,81,674.95","24,424.47","-69,956.48","5,62,263.54","6,72,468.45","-1,10,204.92","-2,34,813.56","-31,568.45","-1,15,137.08","-15,479.09","-5,489.53",-738.02,"57,539.74","7,735.67","52,050.20","6,997.65",-339.36,-45.62,390.75,52.53,"1,56,840.06","-4,656.57",-626.03,"1,18,588.07","15,943.04",269.45,36.23,"2,006.01",269.69,"1,51,626.55","20,384.75","13,134.14","1,765.76","1,36,755.86","6,752.87","9,923.98","6,77,013.29","9,29,566.07","33,42,656.41","47,28,281.28","3,10,473.15","4,82,237.55","10,64,780.65","13,10,425.29","6,98,471.31","8,78,955.44","18,55,896.72","28,69,937.50"
2020-Q2,281.43,"1,44,601.04","9,28,803.73","1,22,413.32","7,84,202.69","1,03,355.37","-19,980.65","-2,633.38","15,974.95","2,105.45","-4,455.86",-587.27,"-4,005.70",-527.94,"-58,308.13","3,96,138.06","4,79,523.43","-83,385.37","-1,50,581.95","-19,846.21","9,573.88","1,261.81","-3,459.33",-455.93,"8,327.92","1,097.59","4,868.59",641.66,"-1,381.28",-182.05,"1,411.07",185.97,"1,57,502.83","-6,808.19",-897.30,"10,436.77","1,375.53",204.77,26.99,"2,048.56",269.99,"1,38,063.47","18,196.32","7,427.97",978.98,"1,28,791.71","4,370.32","6,374.24","5,36,467.31","7,49,914.08","27,32,306.16","38,93,942.58","4,13,194.64","6,24,721.02","6,87,227.41","8,39,842.54","5,24,126.72","6,72,879.68","15,48,748.85","23,43,104.80"
2020-Q1,278.08,"4,036.77","11,37,274.80","1,57,116.15","11,33,238.02","1,56,558.47","-23,324.47","-3,222.31","1,09,918.86","15,185.45","6,414.79",886.21,"86,594.39","11,963.14","-34,942.48","5,53,932.63","8,07,581.48","-2,53,648.85","-1,36,041.69","-18,794.36","1,38,486.75","19,132.14","7,223.19",997.89,"-1,06,714.20","-14,742.72","-99,491.02","-13,744.83",-740.82,-102.35,"1,430.48",197.62,"1,59,440.55","19,196.76","2,652.06","1,25,590.13","17,350.46",189.27,26.15,"2,167.28",299.41,"1,48,772.75","20,553.17","13,607.18","1,879.85","1,33,187.56","28,235.02","35,317.76","6,98,611.10","9,30,465.76","38,26,678.64","51,48,732.82","3,43,853.72","5,18,515.33","11,80,370.88","14,73,350.95","7,98,309.31","10,26,234.09","20,87,913.80","31,10,371.09"
2019-Q4,278.77,"-18,732.78","11,59,541.17","1,62,793.08","11,78,273.95","1,65,423.06","-24,861.45","-3,490.41","94,259.29","13,233.48","4,307.94",604.81,"69,397.84","9,743.07","-52,433.44","5,78,693.89","8,35,399.43","-2,56,705.54","-1,53,861.05","-21,601.23","43,122.93","6,054.22","-2,167.69",-304.33,"57,932.81","8,133.44","55,765.12","7,829.11",-438.47,-61.56,481.16,67.55,"1,55,838.24","21,202.31","2,976.69","1,68,285.89","23,626.40",358.00,50.26,"2,066.13",290.07,"1,47,990.45","20,777.03","11,714.37","1,644.63","1,34,567.96","26,136.37","32,454.04","7,06,925.66","9,63,769.84","36,03,375.05","51,35,344.64","3,47,494.57","5,23,917.00","11,30,774.95","13,95,222.60","8,07,596.55","10,66,233.96","21,55,033.01","32,42,428.34"
2019-Q3,275.41,"-53,381.72","11,37,803.22","1,61,552.72","11,91,184.94","1,69,132.20","-21,682.47","-3,078.62","73,197.66","10,393.08","-6,209.61",-881.68,"51,515.19","7,314.46","-62,132.53","5,63,093.98","8,42,345.54","-2,79,251.56","-36,049.11","-5,118.49","26,683.86","3,788.75","3,319.69",471.35,"14,121.69","2,005.09","17,441.38","2,476.44",-903.61,-128.30,"1,749.03",248.34,"1,47,485.22","11,348.29","1,611.30","95,640.43","13,579.65",348.65,49.50,"2,013.98",285.96,"1,54,495.40","21,936.26","12,312.91","1,748.27","1,40,517.16","27,009.34","33,547.51","7,05,137.90","9,27,287.42","35,49,945.45","48,68,137.04","4,20,438.91","6,19,769.61","10,89,055.63","13,55,340.55","8,37,949.40","10,60,389.14","20,04,358.18","29,59,217.49"
2019-Q2,273.68,"-1,04,350.96","11,17,479.68","1,60,681.02","12,21,830.64","1,75,685.52","-22,266.33","-3,201.65","1,19,579.34","17,194.17","2,537.59",364.88,"97,313.02","13,992.52","-43,605.23","5,75,198.88","9,00,495.23","-3,25,296.35","-97,253.73","-13,983.99","68,074.87","9,788.40","-2,180.91",-313.59,"35,860.12","5,156.28","33,679.21","4,842.69","-1,081.03",-155.44,"1,242.20",178.61,"1,39,617.20","5,195.82",747.10,"1,99,067.10","28,623.61",242.03,34.80,"2,048.49",294.55,"1,38,595.19","19,928.43","11,855.30","1,704.66","1,24,933.43","27,156.49","33,911.48","7,03,218.99","9,30,664.81","35,54,641.51","49,51,378.35","3,79,818.86","5,49,731.15","11,92,377.50","14,96,471.64","8,77,901.44","11,17,374.84","20,08,912.73","29,33,338.14"
2019-Q1,267.55,"-32,754.17","11,64,009.12","1,65,159.77","11,96,763.29","1,69,807.22","-23,751.20","-3,370.03","68,997.20","9,789.92","-3,038.70",-431.16,"45,246.00","6,419.90","-48,802.89","6,15,745.26","8,63,926.18","-2,48,180.92","-99,814.08","-14,162.49","23,859.00","3,385.32","-14,327.70","-2,032.94","80,829.64","11,468.82","66,501.95","9,435.88",-908.03,-128.84,822.81,116.75,"1,50,337.69","17,410.73","2,470.39","1,35,606.95","19,241.10",486.14,68.98,"1,589.78",225.57,"1,26,177.60","17,903.18","11,182.00","1,586.60","1,13,891.95","69,606.88","84,497.18","7,65,811.28","9,88,122.99","37,17,210.04","48,01,283.99","3,18,243.91","4,54,377.64","11,90,052.49","14,64,623.55","8,19,742.81","10,92,656.53","20,54,385.00","29,33,446.29"
2018-Q4,270.72,"-1,27,942.71","11,73,281.77","1,62,791.79","13,01,224.48","1,80,543.73","-22,027.20","-3,056.25","74,706.82","10,365.50","-2,263.85",-314.11,"52,679.62","7,309.25","-54,580.79","5,98,791.18","9,53,970.32","-3,55,179.14","30,959.78","4,295.64","61,779.00","8,571.78",556.10,77.16,"-15,767.94","-2,187.79","-15,211.84","-2,110.63","-1,047.24",-145.30,"1,950.36",270.61,"1,56,237.28","18,075.35","2,507.94","99,246.78","13,770.40",737.94,102.39,"1,705.12",236.58,"1,36,030.29","18,874.08","9,483.17","1,315.78","1,25,579.94","63,606.69","77,518.21","7,44,836.57","9,83,151.75","34,89,760.89","48,72,998.34","3,31,282.78","4,76,809.83","11,50,660.30","14,22,243.12","8,69,202.81","11,88,199.69","20,33,402.72","29,25,858.42"
2018-Q3,266.74,"-1,33,663.66","11,22,560.83","1,60,019.01","12,56,224.49","1,79,072.52","-18,312.64","-2,610.43","70,297.38","10,020.76","4,082.51",581.95,"51,984.74","7,410.33","-60,353.05","5,85,055.79","9,36,074.67","-3,51,018.88","13,102.82","1,867.78","63,075.64","8,991.32","5,484.64",781.83,"-4,066.68",-579.70,"1,417.96",202.13,-853.16,-121.62,"1,754.70",250.13,"1,42,097.04","8,592.85","1,224.90","1,16,478.33","16,603.77",246.16,35.09,"1,505.69",214.63,"1,46,310.04","20,856.23","9,439.28","1,345.55","1,35,611.23","65,794.91","79,711.94","7,17,628.25","9,24,644.95","34,03,644.19","46,56,017.01","3,98,077.82","5,70,239.83","10,97,684.62","13,44,943.35","8,56,914.68","11,39,191.24","18,88,258.49","27,05,685.29"
2018-Q2,264.58,"-1,05,866.78","10,43,355.62","1,55,748.92","11,49,222.40","1,71,552.38","-23,805.15","-3,553.56","87,930.98","13,126.07","-2,160.15",-322.46,"64,125.83","9,572.51","-38,587.74","5,58,618.62","8,65,100.36","-3,06,481.74","75,955.68","11,338.43","22,510.71","3,360.33","6,435.16",960.62,"-61,000.45","-9,105.96","-54,565.29","-8,145.34",-726.75,-108.49,"1,563.04",233.33,"1,25,111.17","3,578.58",534.20,"32,071.25","4,787.50",273.10,40.77,"1,507.61",225.05,"1,25,689.26","18,762.51","10,363.23","1,546.99","1,14,091.53","63,762.31","76,507.04","6,84,204.38","8,70,373.84","33,82,300.83","45,69,369.11","3,87,340.69","5,44,125.12","11,02,111.84","13,36,612.38","8,04,000.27","10,57,121.60","18,74,397.69","26,40,304.41"
2018-Q1,258.23,"-84,074.33","10,08,163.85","1,56,683.37","10,92,238.17","1,69,749.75","-14,139.88","-2,197.54","55,368.79","8,605.12","8,232.37","1,279.43","41,228.91","6,407.57","-50,317.69","5,29,021.14","7,96,840.94","-2,67,819.80","-85,170.59","-13,236.75","1,05,139.57","16,340.22",-642.88,-99.91,"15,286.95","2,375.81","14,644.06","2,275.90",-813.39,-126.41,"1,722.68",267.73,"1,29,745.19","19,190.71","2,982.52","1,61,012.54","25,023.70",191.91,29.83,"1,412.20",219.48,"1,16,269.31","18,069.95","10,731.04","1,667.76","1,04,317.97","56,666.96","66,113.89","6,88,414.01","8,51,035.33","35,16,058.35","45,84,686.00","2,93,183.71","4,06,258.50","11,27,183.17","13,39,453.13","8,13,511.41","9,91,280.95","19,36,508.11","26,80,204.68"
2017-Q4,257.51,"-88,783.13","9,72,572.38","1,50,253.56","10,61,355.51","1,63,969.75","-10,758.38","-1,662.07","38,742.82","5,985.41","4,016.60",620.53,"27,984.44","4,323.34","-41,866.33","5,01,915.29","7,86,865.41","-2,84,950.12","-61,068.23","-9,434.48","83,404.87","12,885.29",-704.00,-108.76,"35,149.45","5,430.27","34,445.45","5,321.51",68.69,10.61,"1,142.01",176.43,"1,34,067.80","18,354.11","2,835.54","1,45,834.75","22,530.14",622.21,96.13,"1,304.51",201.54,"1,13,849.95","17,588.78","9,202.12","1,421.64","1,03,965.52","50,223.22","57,884.70","6,46,679.44","8,17,204.81","32,84,991.66","43,39,193.52","3,19,987.06","4,44,759.27","10,19,643.77","12,09,889.21","7,75,329.79","9,70,030.15","18,92,042.09","26,20,783.80"
2017-Q3,252.36,"-44,716.83","9,35,386.27","1,45,498.44","9,80,103.10","1,52,454.10","-14,661.27","-2,280.55","94,452.03","14,691.92","-2,800.62",-435.63,"79,790.75","12,411.38","-54,969.16","4,89,117.18","6,97,763.26","-2,08,646.08","-61,064.82","-9,498.57","15,510.13","2,412.59","-2,388.87",-371.59,"15,670.27","2,437.49","13,281.40","2,065.91",-120.49,-18.74,592.92,92.23,"1,18,143.27","10,480.71","1,630.26","1,08,582.28","16,889.87",697.28,108.46,"1,364.82",212.30,"1,11,950.78","17,413.84","10,528.10","1,637.64","1,00,755.14","51,708.81","59,108.41","6,39,985.65","7,84,764.95","31,97,195.49","41,57,246.35","3,68,364.43","5,04,289.78","9,72,543.45","11,41,094.83","7,25,604.21","8,77,554.84","17,38,953.32","23,76,307.14"
2017-Q2,251.20,"-96,552.04","9,02,033.43","1,39,940.61","9,98,585.47","1,54,919.60","-19,365.21","-3,004.30","65,412.89","10,148.09","-3,625.75",-562.50,"46,047.68","7,143.79","-37,659.46","4,71,382.01","7,41,693.41","-2,70,311.39","-73,511.90","-11,404.57","47,381.12","7,350.66","3,419.12",530.44,"76,841.78","11,921.16","80,260.90","12,451.60",26.69,4.14,"1,739.18",269.81,"1,18,011.98","8,964.74","1,390.78","1,73,689.69","26,946.05",591.12,91.71,"1,315.71",204.12,"1,03,497.40","16,056.49","9,365.97","1,453.03","93,406.84","47,837.28","54,473.80","6,26,932.70","7,58,515.48","31,46,336.28","40,08,915.96","3,63,307.43","4,84,811.32","9,63,708.70","11,25,164.61","7,63,828.39","9,12,523.48","17,63,224.96","23,58,855.32"
2017-Q1,242.00,"-17,243.38","9,33,875.17","1,39,361.84","9,51,118.55","1,41,935.06","-27,764.13","-4,143.23","61,252.34","9,140.66","-3,165.54",-472.39,"33,488.21","4,997.43","-37,273.36","5,18,356.18","7,17,524.01","-1,99,167.83","-48,995.23","-7,311.54","-36,447.50","-5,439.05","-2,223.16",-331.76,"74,586.60","11,130.53","72,363.44","10,798.77",-67.62,-10.09,"1,023.51",152.74,"1,24,139.34","20,540.42","3,065.24","69,404.15","10,357.15",224.62,33.52,"1,448.95",216.23,"1,05,215.82","15,701.32","8,933.03","1,333.07","95,058.47","32,599.72","37,094.24","6,54,988.95","7,79,761.72","32,27,728.31","41,22,770.68","2,69,710.36","3,57,704.93","9,86,925.09","11,37,122.41","6,58,341.52","8,11,465.68","18,01,584.59","23,96,862.94"
2016-Q4,240.16,"-53,775.87","8,77,812.19","1,30,191.69","9,31,588.05","1,38,167.39","-23,341.01","-3,461.79","88,970.72","13,195.59","4,453.21",660.47,"65,629.71","9,733.79","-42,995.06","4,63,580.46","6,87,922.67","-2,24,342.21","8,373.22","1,241.86","51,785.21","7,680.46",-180.96,-26.84,"-76,284.53","-11,314.05","-76,465.48","-11,340.89",271.89,40.33,732.19,108.59,"1,19,879.93","16,699.95","2,476.83","40,949.43","6,073.37",739.42,109.67,"1,426.65",211.59,"1,02,257.62","15,166.22","7,888.93","1,170.04","93,681.47","29,099.76","32,835.65","6,18,791.55","7,43,329.32","30,79,621.61","38,75,006.70","2,89,775.40","3,84,784.46","9,33,180.02","10,70,569.85","6,79,557.01","8,47,859.57","18,16,561.27","24,09,747.88"
2016-Q3,234.89,"-23,213.66","8,54,870.61","1,27,665.67","8,78,084.27","1,31,132.38","20,197.80","3,016.32","93,634.37","13,983.28","-5,736.99",-856.76,"1,13,832.17","16,999.60","-53,908.19","4,51,391.97","6,22,895.76","-1,71,503.79","-56,994.47","-8,511.51","-68,400.49","-10,214.87","-4,408.40",-658.35,"44,921.84","6,708.59","40,513.44","6,050.24",-68.09,-10.17,"1,471.95",219.82,"1,09,110.55","6,755.78","1,008.90","85,945.12","12,834.97",445.67,66.56,"1,422.75",212.47,"1,01,650.69","15,180.43","7,585.85","1,132.86","93,087.77","30,378.29","34,072.40","6,11,524.27","7,20,886.17","30,35,755.83","37,54,117.03","3,43,179.35","4,55,122.41","9,13,934.79","10,45,064.37","6,56,241.40","8,00,974.23","16,58,457.34","21,99,049.17"
2016-Q2,231.09,"-2,682.82","8,35,937.43","1,24,970.01","8,38,620.25","1,25,371.08","-13,471.93","-2,014.01","39,434.69","5,895.36","1,262.04",188.67,"25,962.77","3,881.35","-42,223.53","4,45,614.78","6,05,052.49","-1,59,437.71","-46,617.42","-6,969.16","8,005.29","1,196.77","5,772.04",862.90,"8,298.10","1,240.54","14,070.14","2,103.44",-211.14,-31.56,"1,533.52",229.26,"1,05,319.95","1,615.13",241.46,"48,038.19","7,181.56",388.43,58.07,"1,451.70",217.03,"1,01,995.61","15,248.02","7,273.85","1,087.42","93,658.47","30,561.57","34,081.00","6,03,117.81","7,04,794.90","29,65,087.78","36,39,774.61","2,98,932.96","3,89,045.80","9,53,527.40","10,85,914.60","6,27,452.85","7,60,291.95","16,23,632.81","21,20,871.25"
2016-Q1,219.14,"-2,281.62","8,41,448.18","1,24,651.70","8,43,729.80","1,24,989.70","-17,468.74","-2,587.81","76,848.79","11,384.34","1,066.12",157.93,"59,380.05","8,796.53","-44,697.74","4,44,383.89","6,11,488.75","-1,67,104.86","-22,104.17","-3,274.50","-25,678.25","-3,803.96","-5,067.09",-750.64,"-5,315.06",-787.37,"-10,382.15","-1,538.01",-656.79,-97.30,"1,831.66",271.34,"1,08,526.17","15,685.84","2,323.69","23,319.66","3,454.56",274.93,40.73,"1,522.15",225.49,"1,05,903.84","15,688.54","3,661.81",542.46,"1,00,994.82","64,727.00","70,363.87","6,11,978.00","6,92,875.61","30,36,738.00","36,95,813.63","2,32,831.00","2,97,033.52","9,34,667.00","10,43,795.69","6,15,375.00","7,33,097.02","17,16,907.00","21,84,647.23"
2015-Q4,221.71,"-46,946.00","8,08,060.21","1,22,575.37","8,55,006.21","1,29,696.65","-21,188.96","-3,214.17","91,741.97","13,916.42","1,729.75",262.39,"70,553.01","10,702.25","-42,245.37","4,28,089.59","6,52,068.02","-2,23,978.43","-26,741.36","-4,056.42","-2,246.64",-340.80,-60.85,-9.23,"3,712.09",563.09,"3,651.24",553.86,162.04,24.58,757.33,114.88,"1,18,747.37","15,846.81","2,403.82","71,957.61","10,915.31","1,073.32",162.81,"1,438.18",218.16,"1,03,984.06","15,773.43","3,088.77",468.54,"1,00,530.43","56,668.00","61,886.68","5,78,983.00","6,77,377.36","28,36,387.00","34,76,632.47","2,72,799.00","3,49,864.71","8,74,855.00","9,91,937.89","6,14,330.00","7,58,572.01","16,33,448.00","20,96,440.75"
2015-Q3,218.19,"-55,611.10","8,27,077.62","1,27,291.59","8,82,688.71","1,35,850.43","-10,642.10","-1,637.88","53,002.16","8,157.31","-2,720.52",-418.70,"42,360.06","6,519.44","-35,633.85","4,39,052.72","6,80,585.45","-2,41,532.72","5,563.05",856.18,"32,298.84","4,970.96",689.82,106.17,"-22,580.15","-3,475.20","-21,890.33","-3,369.04",-515.15,-79.28,"1,726.01",265.64,"1,15,885.30","6,641.54","1,022.17","52,768.57","8,121.36",574.46,88.41,"1,597.80",245.91,"1,10,430.52","16,995.84","3,737.00",575.14,"1,05,670.18","59,498.00","65,316.18","5,96,859.00","6,87,100.61","27,68,087.00","33,55,884.42","3,35,329.00","4,25,666.70","8,44,359.00","9,60,324.29","6,56,933.00","7,95,276.83","15,13,130.00","19,30,421.54"
2015-Q2,215.31,"-38,923.69","8,05,395.51","1,26,891.07","8,44,319.19","1,33,023.55","-9,176.02","-1,445.69","72,665.04","11,448.47","-6,821.39","-1,074.72","63,489.03","10,002.78","-37,202.52","4,31,762.46","6,48,677.60","-2,16,915.14","-72,547.43","-11,429.94","53,385.58","8,410.96","1,056.95",166.52,360.96,56.87,"1,417.90",223.39,-879.74,-138.60,"1,267.82",199.75,"1,12,669.51","4,611.40",726.53,"1,18,292.51","18,637.13",927.82,146.18,"1,655.29",260.79,"1,08,753.76","17,134.29","5,501.82",866.82,"1,02,524.47","58,664.00","64,910.50","5,82,461.00","6,71,293.85","27,28,279.00","32,43,543.36","2,91,843.00","3,63,606.11","8,38,302.00","9,61,034.50","6,24,902.00","7,57,977.55","15,17,933.00","19,14,897.62"
2015-Q1,212.10,"-4,398.06","8,35,507.59","1,34,244.41","8,39,905.65","1,34,951.07","-7,571.44","-1,216.53","65,270.58","10,487.29","4,798.65",771.02,"57,699.14","9,270.76","-34,894.23","4,46,980.62","6,43,405.30","-1,96,424.68","-1,87,640.78","-30,149.01","44,135.22","7,091.39",101.34,16.28,"85,304.49","13,706.22","85,405.82","13,722.50",-760.43,-122.18,"1,639.78",263.47,"1,24,697.19","12,588.06","2,022.58","1,87,240.18","30,084.64",272.93,43.85,"1,363.36",219.06,"1,08,856.55","17,490.43","5,542.45",890.53,"1,02,223.66","73,124.77","82,494.26","6,27,754.00","6,97,012.65","27,83,733.23","33,14,666.80","2,16,005.34","2,66,690.92","8,60,336.92","9,67,981.12","6,42,072.79","7,58,052.29","15,78,111.95","19,18,984.20"
2014-Q4,202.04,"-47,739.24","8,73,467.78","1,41,034.22","9,21,207.02","1,48,742.42","-4,711.54",-760.75,"47,528.65","7,674.20","-12,179.04","-1,966.48","42,817.11","6,913.45","-34,057.25","4,96,093.69","7,35,370.26","-2,39,276.57","-81,638.13","-13,181.68","59,843.81","9,662.66",807.54,130.39,"38,087.95","6,149.86","38,895.49","6,280.25",-406.75,-65.68,"1,585.16",255.95,"1,23,849.52","11,026.96","1,780.47","1,41,556.41","22,856.36",804.31,129.87,"1,376.63",222.28,"1,07,800.59","17,405.99","5,483.21",885.34,"1,01,745.06","63,605.12","72,448.14","6,35,337.96","7,32,620.04","26,45,947.14","31,84,917.06","2,51,973.19","3,13,546.64","7,93,636.72","9,09,481.16","6,80,646.15","8,36,454.26","15,04,575.61","18,54,293.23"
2014-Q3,193.05,"-66,437.31","8,65,159.48","1,42,750.94","9,31,596.79","1,53,713.06","-8,197.32","-1,352.55","53,498.54","8,827.24","1,926.17",317.82,"45,301.22","7,474.68","-40,145.13","5,03,596.97","7,43,912.08","-2,40,315.11","-41,798.98","-6,896.81","1,843.86",304.24,-668.03,-110.22,"59,833.07","9,872.43","59,165.04","9,762.21",-694.07,-114.52,"2,004.29",330.71,"1,14,704.62","5,067.28",836.10,"1,06,310.12","17,541.12",593.82,97.98,"1,355.45",223.65,"1,05,498.91","17,407.27","5,418.98",894.13,"99,318.30","69,140.17","79,320.01","6,26,568.09","7,27,107.86","25,62,241.58","30,53,982.03","3,07,608.74","3,84,486.82","8,15,553.18","9,44,023.91","6,81,671.43","8,40,838.81","14,12,804.02","17,58,329.10"
2014-Q2,188.04,"-44,738.34","8,38,123.44","1,40,160.41","8,82,861.78","1,47,642.05","-4,194.40",-701.43,"49,595.57","8,293.93",-857.97,-143.48,"45,401.17","7,592.49","-38,332.95","4,87,538.51","6,97,384.32","-2,09,845.81","-66,846.69","-11,178.85","-7,345.02","-1,228.32",-149.72,-25.04,"74,536.56","12,464.84","74,386.84","12,439.80",-688.78,-115.19,"1,397.19",233.65,"1,05,064.31","2,325.44",388.89,"1,12,442.99","18,803.98",298.68,49.95,"1,365.20",228.30,"1,04,736.78","17,515.26","5,294.15",885.35,"98,376.11","68,881.01","78,435.26","6,22,484.58","7,06,895.73","25,35,750.59","29,14,393.22","2,78,563.61","3,37,037.40","8,08,569.27","9,28,905.51","6,63,204.89","8,00,616.57","14,17,165.14","17,15,731.09"
2014-Q1,180.49,"-8,296.95","8,91,479.60","1,44,295.97","8,99,776.55","1,45,638.92","-54,810.83","-8,871.75","60,430.09","9,781.29","-4,999.17",-809.17,"5,619.26",909.54,"-39,609.00","5,16,865.03","7,06,335.99","-1,89,470.96","-43,904.30","-7,106.40","-5,616.40",-909.08,"-1,625.30",-263.07,"58,822.86","9,521.14","57,197.56","9,258.07",-497.41,-80.51,"1,875.11",303.51,"1,20,992.49","12,972.33","2,099.72","57,200.43","9,258.53","1,237.50",200.30,"1,528.39",247.39,"1,06,322.11","17,209.42","6,240.69","1,010.13","99,790.52","34,325.35","38,802.98","6,59,021.41","7,66,144.14","25,98,897.56","30,60,874.14","2,32,764.62","2,79,689.45","8,42,150.72","9,36,205.58","6,70,098.55","8,11,987.37","14,63,539.42","17,27,154.21"
2013-Q4,172.81,"-25,168.89","8,58,007.97","1,38,270.28","8,83,176.86","1,42,326.31","1,790.06",288.47,"35,853.10","5,777.82","-3,765.59",-606.84,"37,643.16","6,066.30","-33,830.83","4,95,149.09","7,00,866.91","-2,05,717.82","-1,18,538.69","-19,102.83","94,999.10","15,309.36",-891.31,-143.64,"15,722.23","2,533.68","14,830.92","2,390.04",-414.75,-66.84,"1,224.40",197.32,"1,12,738.05","14,449.26","2,328.54","1,47,473.18","23,765.70","2,490.39",401.33,"1,421.88",229.14,"1,07,024.02","17,247.21","6,450.82","1,039.57","1,01,641.71","31,359.37","35,128.25","6,13,839.61","7,26,997.88","24,97,997.34","29,21,070.04","1,95,395.20","2,37,025.21","7,87,578.62","8,75,621.31","6,32,540.66","7,83,768.99","14,73,208.35","17,52,700.85"
2013-Q3,169.24,"-31,926.90","8,62,676.38","1,38,592.72","8,94,603.29","1,43,721.91","-3,903.86",-627.17,"54,326.00","8,727.71","-2,827.48",-454.25,"50,422.14","8,100.54","-39,394.26","5,05,700.57","7,13,011.40","-2,07,310.83","64,454.06","10,354.83","-39,029.81","-6,270.31",-233.67,-37.54,"-40,858.34","-6,564.07","-41,092.01","-6,601.61","-1,082.04",-173.83,"1,648.53",264.84,"1,14,647.85","5,428.85",872.17,"-29,699.69","-4,771.38",212.72,34.17,"1,433.63",230.32,"1,07,755.97","17,311.47","6,404.72","1,028.95","1,00,130.33","32,224.17","35,820.38","6,45,078.06","7,47,412.79","23,57,078.87","26,86,203.23","2,79,484.71","3,31,309.47","7,79,670.09","8,55,856.49","6,84,552.49","8,27,689.81","12,99,202.94","15,15,620.76"
2013-Q2,162.28,"-1,21,743.20","7,32,752.51","1,31,017.27","8,54,495.72","1,52,785.14",64.20,11.48,"36,220.57","6,476.29","4,963.06",887.40,"36,284.77","6,487.77","-27,049.81","4,13,358.88","6,95,704.17","-2,82,345.29","1,934.93",345.97,"79,816.71","14,271.35","1,327.60",237.38,"-2,583.87",-462.00,"-1,256.27",-224.62,-946.63,-169.26,"1,341.18",239.81,"94,489.78","4,538.24",811.45,"1,14,845.22","20,534.50",731.62,130.81,"1,481.52",264.90,"99,942.09","17,869.80","6,030.07","1,078.19","93,162.12","31,849.09","34,869.69","5,50,329.83","6,16,226.48","23,47,396.37","25,65,374.45","2,72,180.59","3,08,484.91","7,85,524.88","8,47,937.64","6,57,363.38","7,68,364.73","13,21,378.64","14,80,173.31"
2013-Q1,160.84,"-98,420.40","7,69,829.80","1,42,126.71","8,68,250.20","1,60,297.18","-7,787.46","-1,437.73","38,842.88","7,171.21","1,635.24",301.90,"31,055.42","5,733.48","-28,084.99","4,59,168.90","7,06,352.89","-2,47,183.98","-14,519.87","-2,680.67","18,966.31","3,501.58","-1,221.08",-225.44,"62,504.39","11,539.62","61,283.31","11,314.18","-1,065.80",-196.77,"1,623.56",299.74,"91,861.20","15,005.11","2,770.26","1,11,305.04","20,549.24",530.67,97.97,"1,058.47",195.42,"90,984.83","16,797.71","5,469.65","1,009.81","84,987.38","54,053.04","57,902.11","5,76,192.15","6,23,666.38","24,67,081.87","27,25,478.91","2,69,642.19","3,01,102.82","8,45,527.46","9,04,112.97","7,19,914.21","7,89,813.73","13,51,601.70","14,94,822.17"
2012-Q4,156.97,"-1,72,031.33","7,07,951.61","1,30,740.97","8,79,982.94","1,62,510.85","-12,119.45","-2,238.16","23,521.53","4,343.84","5,853.87","1,081.06","11,402.07","2,105.68","-31,405.67","4,01,979.69","7,18,090.18","-3,16,110.50","-4,231.32",-781.42,"1,06,041.12","19,583.14",-389.38,-71.91,"53,354.97","9,853.33","52,965.59","9,781.42",-69.23,-12.78,-115.43,-21.32,"90,137.04","11,043.07","2,039.38","1,70,408.78","31,470.24","1,556.00",287.35,"1,059.84",195.73,"89,296.73","16,490.87","4,445.09",820.90,"85,347.80","48,221.46","51,525.07","5,28,616.54","5,66,043.39","23,44,767.21","25,48,377.83","1,89,644.94","2,09,686.92","7,69,338.93","8,15,439.44","7,36,031.60","7,98,750.14","13,77,374.40","15,08,200.85"
2012-Q3,147.10,"-1,16,674.23","7,03,250.04","1,27,354.18","8,19,924.27","1,48,483.15","-7,533.29","-1,364.23","52,588.33","9,523.42","1,247.43",225.90,"45,055.04","8,159.19","-30,820.08","4,00,748.25","6,64,661.72","-2,63,913.47",871.91,157.90,"26,882.00","4,868.16","-1,494.83",-270.70,"44,112.68","7,988.53","42,617.85","7,717.83",-135.35,-24.51,"1,417.58",256.71,"90,162.45","5,308.62",961.36,"1,14,554.89","20,745.17",205.45,37.20,"1,080.80",195.73,"93,231.26","16,883.60","4,459.04",807.50,"87,896.86","50,684.93","54,003.40","6,52,251.18","6,94,342.20","21,95,945.88","23,56,953.27","2,86,153.24","3,10,869.57","7,67,235.02","8,09,693.25","7,45,413.74","8,03,996.69","12,24,958.83","13,23,175.23"
2012-Q2,142.63,"-92,484.43","7,05,551.16","1,30,403.42","7,98,035.59","1,47,496.84","-11,327.88","-2,093.67","32,001.52","5,914.68","5,841.81","1,079.71","20,673.65","3,821.00","-26,453.17","4,05,792.75","6,43,041.01","-2,37,248.26","-2,823.07",-521.77,"79,191.92","14,636.64","-1,678.74",-310.27,"-8,721.14","-1,611.88","-10,399.88","-1,922.16",-25.41,-4.70,"1,530.62",282.90,"81,056.46","2,191.42",405.03,"89,465.69","16,535.49",218.06,40.30,999.24,184.68,"94,441.03","17,455.05","3,499.31",646.76,"90,160.54","48,568.69","51,093.80","5,32,776.12","5,55,655.03","22,05,223.44","23,13,203.09","2,28,822.60","2,40,744.76","7,63,691.79","7,95,727.47","6,77,719.59","7,15,867.44","12,25,156.81","12,88,286.60"
2012-Q1,134.10,"-1,09,440.34","6,95,534.84","1,38,343.59","8,04,975.18","1,60,111.54","-14,364.56","-2,857.15","21,184.03","4,213.55","-2,791.02",-555.14,"6,819.47","1,356.41","-22,993.37","4,03,071.95","6,62,085.74","-2,59,013.80","28,846.09","5,737.56","6,551.83","1,303.17",-864.64,-171.98,"70,878.61","14,097.93","70,013.98","13,925.95",-836.45,-166.37,"1,499.89",298.33,"88,089.11","11,182.08","2,224.14","83,385.27","16,585.54",495.86,98.63,805.35,160.19,"89,113.77","17,724.95","4,326.57",860.56,"84,477.72","57,112.47","58,186.52","5,76,375.69","5,88,925.54","23,65,461.40","24,18,511.13","2,86,688.05","2,93,585.57","8,20,867.22","8,36,034.07","7,17,193.58","7,32,601.44","12,81,610.50","13,13,205.35"
2011-Q4,125.48,"-1,01,626.21","6,53,265.67","1,28,266.35","7,54,891.88","1,48,220.29","-9,725.42","-1,909.55","35,002.88","6,872.69","-2,742.60",-538.50,"25,277.45","4,963.14","-19,492.41","3,63,643.06","6,11,694.05","-2,48,051.00","65,253.56","12,812.30","4,169.78",818.72,-238.03,-46.74,"9,906.05","1,945.02","9,668.02","1,898.28",-204.47,-40.15,"1,827.70",358.86,"82,340.31","7,831.07","1,537.60","39,115.26","7,680.14","1,788.47",351.16,757.71,148.77,"84,914.49","16,672.65","2,368.37",465.02,"83,576.88","49,219.42","49,374.63","5,53,499.21","5,57,993.27","22,25,135.23","22,44,852.23","2,20,375.10","2,23,407.77","7,52,161.74","7,56,940.13","7,13,920.56","7,19,821.61","12,64,939.50","12,81,386.00"
2011-Q3,119.44,"-86,480.11","6,02,724.95","1,31,666.60","6,89,205.06","1,50,558.38","-13,701.10","-2,993.04","43,387.53","9,478.10","-1,826.65",-399.04,"29,686.43","6,485.07","-18,116.56","3,64,198.63","5,68,030.49","-2,03,831.86","-1,264.43",-276.22,"65,357.19","14,277.42",859.75,187.81,"-6,333.38","-1,383.54","-5,473.63","-1,195.73",-148.43,-32.42,942.73,205.94,"64,050.51","3,208.69",700.95,"89,569.99","19,566.76",623.10,136.12,697.22,152.31,"74,341.14","16,239.99","2,849.21",622.42,"71,417.80","49,135.35","48,668.05","5,07,189.19","5,03,937.31","20,42,870.16","20,29,469.17","2,57,146.70","2,55,853.45","7,27,748.92","7,22,663.54","6,40,633.57","6,36,896.39","11,27,292.93","11,19,458.93"
2011-Q2,115.99,"-78,426.23","5,84,471.89","1,30,726.85","6,62,898.13","1,48,268.18","-14,002.96","-3,131.99","55,386.27","12,388.06","-4,199.25",-939.23,"41,383.31","9,256.06","-16,226.94","3,51,603.66","5,52,836.50","-2,01,232.84","-24,333.06","-5,442.49","54,212.43","12,125.51",-931.39,-208.32,"12,294.19","2,749.80","11,362.80","2,541.48",-280.88,-62.82,"1,211.95",271.07,"73,400.73","1,058.00",236.64,"1,06,958.54","23,923.05",207.56,46.42,651.30,145.67,"69,259.56","15,491.05","3,183.00",711.93,"65,700.00","52,515.90","51,753.98","5,06,866.91","4,93,074.88","21,02,862.82","20,43,496.29","2,04,165.15","1,95,528.21","6,96,954.79","6,82,095.08","6,43,806.29","6,26,234.56","12,36,604.36","11,96,397.95"
2011-Q1,106.63,"-28,218.39","5,88,007.82","1,29,878.93","6,16,226.20","1,36,111.80","-20,704.04","-4,573.10","35,125.99","7,758.62",-341.45,-75.42,"14,421.95","3,185.52","-20,959.08","3,52,594.11","4,86,429.46","-1,33,835.36","-9,195.05","-2,031.00","22,438.05","4,956.11",96.38,21.29,798.51,176.37,894.89,197.66,-503.39,-111.19,"1,294.44",285.91,"65,190.13","6,939.87","1,532.87","37,754.89","8,339.29",485.07,107.14,696.16,153.77,"64,872.33","14,328.97","3,275.32",723.45,"61,385.92",,,,,,,,,,,,,,
2010-Q4,99.40,"-50,418.87","5,29,239.39","1,17,970.70","5,79,658.26","1,29,209.38","-22,955.15","-5,116.84","28,833.77","6,427.22","-4,912.64","-1,095.06","5,878.62","1,310.38","-21,359.87","2,97,458.28","4,40,429.45","-1,42,971.18","-17,895.43","-3,989.00","39,090.30","8,713.47","-4,900.48","-1,092.35","33,158.49","7,391.23","28,258.01","6,298.88",-200.95,-44.79,441.17,98.34,"53,000.31","7,686.54","1,713.38","73,226.94","16,322.73","1,527.99",340.60,894.05,199.29,"63,171.21","14,081.25","2,893.28",644.93,"60,911.87",,,,,,,,,,,,,,
2010-Q3,99.81,"-80,032.53","4,64,119.63","99,834.43","5,44,152.16","1,17,049.83","-19,102.27","-4,108.99","36,276.77","7,803.31","-6,498.57","-1,397.87","17,174.50","3,694.32","-22,987.52","2,54,586.75","4,17,611.53","-1,63,024.78","-15,291.86","-3,289.35","-4,568.08",-982.62,-280.88,-60.42,"89,497.43","19,251.34","89,216.54","19,190.92",-373.24,-80.29,283.73,61.03,"45,653.46","3,747.93",806.20,"1,01,822.96","21,902.62",654.21,140.72,637.32,137.09,"62,818.86","13,512.65","2,509.45",539.80,"60,326.30",,,,,,,,,,,,,,
2010-Q2,94.24,"-60,983.74","4,51,526.42","98,962.53","5,12,510.16","1,12,328.53","-15,495.23","-3,396.14","32,120.99","7,040.06",-309.76,-67.89,"16,625.76","3,643.92","-16,499.22","2,61,026.00","4,01,664.93","-1,40,638.93","-17,068.69","-3,741.00","40,725.18","8,925.87",-214.70,-47.06,"21,225.95","4,652.16","21,011.25","4,605.10",-222.68,-48.80,455.99,99.94,"36,715.72","3,264.43",715.48,"78,362.19","17,174.90",267.11,58.54,644.71,141.30,"62,487.04","13,695.49","2,670.75",585.36,"59,438.69",,,,,,,,,,,,,,
2010-Q1,,"-58,091.98","4,42,933.54","96,440.71","5,01,025.52","1,09,089.18","-15,368.23","-3,346.15","28,135.25","6,125.94","2,716.14",591.39,"12,767.02","2,779.79","-10,467.94","2,42,052.16","3,86,272.74","-1,44,220.58","-9,832.91","-2,140.94","12,186.70","2,653.43",411.05,89.50,"39,843.98","8,675.30","40,255.03","8,764.80",-194.58,-42.37,447.54,97.44,"38,843.22","3,516.90",765.74,"65,208.74","14,198.02",582.74,126.88,653.34,142.25,"60,120.56","13,090.16","2,296.63",500.05,"57,753.32",,,,,,,,,,,,,,
